appointment_id,judge_id,institution_name,position_president,position_chamber_chair,open_call_number,appointing_cabinet_id,appointing_cabinet_name,appointment_date,period_start_year,period_end_year,period_end_date,reason_leaving,last_name,first_name,middle_name,previous_appointments,female,birth_year,degree_year,degree_university,acad_lic,acad_doctor,acad_lekt,acad_docent,acad_prof,dep_spec,dep_hand,dep_rad,dep_chef,ct_edu,ct_tr,ct_fr,ct_hovr,ct_kamr,ct_int,ct_other,ct_clerk,priv_assoc,priv_adv,priv_corp,pol_empl,pol_other,pol_parl,pol_min,publ_amb,publ_agency,publ_omb,publ_pros,publ_int,just_dep,fin_dep,other_dep,prep_one,prep_multi,honor_doc
1,323,Högsta domstolen,0,0,75-2018,1587,Lofven II,2018-12-20,2019,0,NA,999,Renfors,Cecilia,NA,0,1,1961,1986,UU,0,0,0,0,0,2,0,3,4,1,0,0,6,0,0,0,0,0,0,0,0,0,0,0,0,5,7,0,0,1,0,0,1,1,1
2,322,Högsta domstolen,0,0,75-2018,1587,Lofven II,2018-12-20,2019,0,NA,999,Reimer,Stefan,NA,0,0,1962,1988,LU,0,0,0,0,0,2,0,0,0,1,3,0,0,0,0,0,0,0,0,0,0,0,0,0,0,0,0,0,0,1,0,0,1,1,1
3,321,Högsta domstolen,0,0,12-2018,1149,Lofven I,2018-06-14,2018,0,NA,999,Runesson,Eric,M.,0,0,1960,1986,SU,0,2,2,3,0,0,0,0,0,1,0,0,0,0,0,0,0,0,4,0,0,0,0,0,0,0,0,0,0,0,0,0,0,0,0
4,320,Högsta domstolen,0,0,5-2016,1149,Lofven I,2016-09-15,2017,0,NA,999,Bonthron,Malin,NA,0,1,1967,1991,UU,0,0,0,0,0,3,4,5,6,2,0,0,0,0,0,0,0,1,0,0,0,0,0,0,0,0,0,0,0,1,0,0,0,0,0
5,319,Högsta domstolen,0,0,5-2016,1149,Lofven I,2016-09-15,2017,0,NA,999,Asp,Petter,NA,0,0,1970,1995,UU,0,1,1,2,5,4,0,0,0,0,0,0,0,0,0,0,0,0,0,0,0,0,0,0,0,0,0,0,0,1,0,0,1,1,1
6,318,Högsta domstolen,0,0,54-2015,1149,Lofven I,2015-12-17,2016,2018,NA,401,Heidenborg,Mari,NA,0,1,1961,1987,SU,0,0,0,0,0,0,0,0,0,1,3,0,4,0,0,0,0,0,0,0,0,0,0,0,0,2,0,0,0,0,0,0,0,1,1
7,317,Högsta domstolen,0,0,54-2015,1149,Lofven I,2015-12-17,2016,2025,2025-03-31,301,Johansson,Stefan,NA,0,0,1965,1991,LU,0,0,0,0,0,2,3,0,6,1,0,0,5,0,0,0,0,0,0,0,0,0,0,0,0,0,0,4,0,1,0,1,1,0,0
8,316,Högsta domstolen,0,0,54-2015,1149,Lofven I,2015-12-17,2016,2023,2023-04-16,101,Andersson,Sten,NA,0,0,1955,1980,LU,0,0,0,0,0,2,3,4,5,1,0,0,6,0,0,0,0,0,0,0,0,0,0,0,0,0,0,0,0,1,0,0,1,1,1
9,315,Högsta domstolen,1,0,42-2017,1149,Lofven I,2018-02-01,2018,0,NA,999,Eka,Anders,NA,1,0,1961,1987,UU,0,0,0,0,0,2,0,0,6,1,5,0,3,0,0,0,0,0,0,0,0,0,0,0,0,4,0,0,0,1,0,0,0,1,1
10,314,Högsta domstolen,0,0,165-2011,854,Reinfeldt II,2012-04-19,2012,2019,NA,101,Edlund,Lars,NA,0,0,1952,1976,UU,0,0,0,0,0,0,0,0,0,1,0,0,0,0,0,0,0,0,2,0,0,0,0,0,0,0,0,0,0,0,0,0,1,0,0
11,313,Högsta domstolen,0,0,165-2011,854,Reinfeldt II,2012-04-19,2012,0,NA,999,Mattsson,Dag,NA,0,0,1957,1985,LU,0,0,0,0,0,2,3,4,5,1,0,0,0,0,0,0,0,0,0,0,0,0,0,0,0,6,0,0,0,1,0,0,1,0,0
12,312,Högsta domstolen,0,0,7-2011,854,Reinfeldt II,2011-06-30,2011,0,NA,999,Johansson,Svante,O.,0,0,1960,1986,LU,0,3,3,4,5,2,0,0,0,1,0,0,0,0,0,0,0,0,0,0,0,0,0,0,0,0,0,0,0,0,0,0,0,1,1
13,311,Högsta domstolen,0,0,0,854,Reinfeldt II,2010-12-16,2011,2016,NA,101,Borgeke,Martin,NA,0,0,1949,1975,LU,0,0,0,0,0,0,2,0,0,1,3,0,4,0,0,0,0,0,0,0,0,0,0,0,0,0,0,0,0,1,0,0,0,1,1
14,310,Högsta domstolen,0,0,0,475,Reinfeldt I,2010-07-29,2010,2019,NA,101,Persson,Ingemar,NA,0,0,1954,1981,UU,0,0,1,0,0,3,0,0,0,2,4,0,5,0,0,0,0,0,0,0,0,0,0,0,0,0,0,0,0,1,0,0,1,0,0
15,309,Högsta domstolen,0,0,0,475,Reinfeldt I,2010-01-28,2010,0,NA,999,Bäcklund,Agneta,NA,0,1,1969,1985,SU,0,0,0,0,0,2,3,4,5,1,0,0,0,0,0,0,0,0,0,0,0,0,0,0,0,0,0,0,0,1,0,0,1,0,0
16,308,Högsta domstolen,0,0,0,475,Reinfeldt I,2010-01-21,2010,2023,2023-04-16,700,Herre,Johnny,NA,0,0,1963,1988,SU,0,1,1,2,3,0,0,0,0,0,0,0,0,0,0,0,0,0,0,0,0,0,0,0,0,0,0,0,0,0,0,0,0,0,0
17,307,Högsta domstolen,0,0,0,475,Reinfeldt I,2009-10-08,2009,2017,NA,101,Lambertz,Göran,NA,0,0,1950,1976,UU,0,0,0,0,0,0,0,2,3,1,0,0,0,0,0,0,0,0,0,0,0,0,0,0,0,0,4,0,0,1,0,0,0,0,0
18,306,Högsta domstolen,0,0,0,475,Reinfeldt I,2007-12-06,2008,2016,NA,101,Moore,Lena,NA,0,1,1949,1973,NA,0,0,0,0,0,2,3,4,0,1,0,0,0,0,0,0,0,0,0,0,0,0,0,0,0,0,0,5,0,1,0,0,0,1,1
19,305,Högsta domstolen,0,0,0,475,Reinfeldt I,2007-10-18,2008,2011,NA,301,Lindskog,Stefan,NA,0,0,1951,1974,LU,0,2,2,3,0,0,0,0,0,0,0,0,0,0,0,0,0,0,1,0,0,0,0,0,0,0,0,0,0,0,0,0,0,0,0
20,304,Högsta domstolen,0,0,0,475,Reinfeldt I,2007-03-15,2007,2016,NA,301,Toijer,Gudmund,NA,0,0,1956,1981,SU,0,0,0,0,0,2,3,0,4,1,0,0,5,0,0,0,0,0,0,0,0,0,0,0,0,0,0,0,0,1,0,1,1,1,1
21,303,Högsta domstolen,0,0,0,641,Persson III,2005-08-25,2005,2009,NA,401,Skarhed,Anna,NA,0,1,1952,1977,UU,0,0,0,0,0,0,0,0,0,1,2,0,0,0,0,0,0,0,0,0,0,0,0,0,0,3,0,0,0,0,0,0,1,0,0
22,302,Högsta domstolen,0,0,0,641,Persson III,2004-06-10,2004,2005,NA,331,Widebeck,Magnus,NA,0,0,1957,1982,UU,0,0,0,0,0,3,0,0,4,2,5,0,0,0,0,0,0,1,0,0,0,0,0,0,0,0,0,0,0,1,0,1,1,0,0
23,301,Högsta domstolen,0,0,0,641,Persson III,2004-03-11,2004,2013,NA,101,Virdesten,Per,NA,0,0,1946,1970,NA,0,0,0,0,0,2,0,3,4,1,0,0,0,0,0,0,0,0,0,0,0,0,0,0,0,0,0,0,0,0,0,1,1,1,1
24,300,Högsta domstolen,0,0,0,641,Persson III,2002-12-19,2003,2004,NA,321,Wersäll,Fredrik,NA,0,0,1951,1976,UU,0,0,0,0,0,0,0,3,4,1,0,0,0,0,0,0,0,0,0,0,0,0,0,0,0,2,0,0,0,1,0,0,1,0,0
25,299,Högsta domstolen,0,0,0,641,Persson III,2002-12-19,2003,2022,NA,101,Calissendorff,Kerstin,NA,0,1,1955,1981,SU,0,0,0,0,0,0,0,0,0,0,0,0,0,0,0,0,0,2,3,0,0,0,0,0,0,1,0,0,0,0,0,0,0,0,0
26,298,Högsta domstolen,0,0,0,503,Persson II,2002-09-19,2002,2017,NA,101,Nyström,Ella,NA,0,1,1950,1975,NA,0,0,0,0,0,0,0,0,0,1,0,0,2,0,0,3,0,0,0,0,0,0,0,0,0,0,0,0,0,0,0,0,1,1,1
27,297,Högsta domstolen,0,0,0,503,Persson II,2002-05-30,2002,2022,2022-02-08,101,Lindeblad,Ann-Christine,NA,0,1,1954,1978,LU,0,0,0,0,0,2,0,0,0,1,3,0,0,0,0,0,0,0,0,0,0,0,0,0,0,4,0,0,0,0,0,1,0,1,1
28,325,Högsta domstolen,0,0,0,503,Persson II,2001-06-14,2001,2009,NA,101,Dahllöf,Lars,NA,0,0,1946,NA,NA,0,0,0,0,0,2,3,0,4,1,0,0,0,0,0,0,0,0,0,0,0,0,0,0,0,0,0,0,0,1,0,1,0,1,1
29,296,Högsta domstolen,0,0,0,156,Persson I,1997-12-11,1998,2010,NA,101,Lundius,Marianne,NA,0,1,1949,1976,LU,0,0,0,0,0,0,0,0,0,0,0,0,0,0,0,0,0,1,2,0,0,0,0,0,0,0,0,0,0,0,0,0,0,0,0
30,295,Högsta domstolen,0,0,0,156,Persson I,1997-12-11,1998,2011,NA,101,Håstad,Torgny,NA,0,0,1943,1967,UU,1,2,2,4,5,0,0,0,0,0,0,0,0,0,0,0,0,3,0,0,0,0,0,0,0,0,0,0,0,0,0,0,0,0,0
31,294,Högsta domstolen,0,0,0,156,Persson I,1997-12-11,1998,2007,NA,101,Pripp,Nina,NA,0,1,1942,1960,UU,0,0,0,0,0,1,0,2,3,0,0,0,4,0,0,5,0,0,0,0,0,0,0,0,0,0,0,0,0,1,0,1,0,1,1
32,293,Högsta domstolen,0,0,0,156,Persson I,1997-10-09,1997,2012,NA,101,Blomstrand,Severin,NA,0,0,1945,1973,NA,0,0,0,0,0,3,0,4,5,1,0,0,0,0,0,0,0,0,0,0,0,0,0,0,0,2,0,0,0,1,0,0,1,1,1
33,292,Högsta domstolen,0,0,0,156,Persson I,1997-06-05,1997,2011,NA,101,Victor,Dag,NA,0,0,1944,1970,UU,0,2,2,0,0,0,0,3,0,0,0,0,4,0,0,0,0,0,0,0,0,0,0,0,0,1,0,0,0,1,0,0,0,0,0
34,291,Högsta domstolen,0,0,0,528,Carlsson IV,1996-01-18,1996,1996,NA,102,Sköllerholm,Ove,NA,0,0,1939,1965,LU,0,0,0,0,0,3,0,0,0,1,0,0,4,0,0,4,0,2,0,0,0,0,0,0,0,0,0,0,0,1,0,0,0,0,0
35,290,Högsta domstolen,0,0,0,779,Bildt,1994-09-15,1995,2007,NA,102,Regner,Göran,NA,0,0,1942,1966,LU,0,0,0,0,0,2,0,3,4,1,0,0,5,0,0,0,0,0,0,0,0,0,0,0,0,0,0,0,0,1,0,0,0,0,0
36,289,Högsta domstolen,0,0,0,779,Bildt,1993-09-09,1993,2012,NA,101,Thorsson,Leif,NA,0,0,1945,1974,SU,0,0,0,0,0,0,0,0,0,0,0,0,0,0,0,0,0,1,2,0,0,0,0,0,0,0,0,0,0,0,0,0,0,0,0
37,288,Högsta domstolen,0,0,0,779,Bildt,1992-08-20,1992,2010,NA,101,Lennander,Gertrud,NA,0,1,1943,1967,LU,0,1,1,1,2,0,0,0,0,0,0,0,0,0,0,0,0,0,0,0,0,0,0,0,0,0,0,0,0,0,0,0,0,0,0
38,326,Högsta domstolen,0,0,0,779,Bildt,1993-09-09,1993,2002,NA,101,Westlander,Ingegerd,NA,0,1,1935,1958,SU,0,0,0,0,0,2,0,0,0,1,3,0,4,0,0,0,0,0,0,0,0,0,0,0,0,5,0,0,0,1,0,0,0,0,0
39,287,Högsta domstolen,0,0,0,220,Carlsson II,1989-08-24,1989,2001,NA,102,Nilsson,Edvard,NA,0,0,1938,1961,UU,0,0,0,0,0,2,0,3,4,1,0,0,0,0,0,0,0,0,0,0,0,0,0,0,0,0,0,0,0,1,0,1,1,0,0
40,286,Högsta domstolen,0,0,0,478,Carlsson I,1988-09-01,1989,1998,NA,101,Lambe,Bengt,NA,0,0,1931,1954,UU,0,0,0,0,0,0,0,3,0,1,4,0,2,0,0,0,0,0,0,0,0,0,0,0,0,2,0,0,0,1,0,0,1,0,0
41,285,Högsta domstolen,0,0,0,478,Carlsson I,1988-09-01,1988,2001,NA,101,Danelius,Hans,NA,0,0,1934,1955,SU,0,0,0,0,0,3,0,0,4,1,0,0,0,0,0,0,0,0,0,0,0,0,0,0,5,0,0,0,2,1,0,1,0,0,0
42,284,Högsta domstolen,0,0,0,478,Carlsson I,NA,1987,2004,NA,301,Munck,Johan,NA,0,0,1943,1966,LU,0,0,0,0,0,2,0,3,4,1,0,0,5,0,0,0,0,0,0,0,0,0,0,0,0,0,0,0,0,1,0,0,0,1,1
43,283,Högsta domstolen,0,0,0,478,Carlsson I,NA,1987,1994,NA,101,Törnell,Inga-Britt,NA,0,1,1927,1952,UU,0,0,0,0,0,0,0,0,0,1,2,0,0,0,0,3,0,0,0,0,0,0,0,0,0,0,4,0,0,0,0,0,0,0,0
44,282,Högsta domstolen,0,0,0,478,Carlsson I,1987-06-30,1987,2002,NA,301,Svensson,Bo,NA,0,0,1940,1963,LU,0,0,0,0,0,2,0,3,0,1,0,0,0,0,0,0,0,0,0,0,0,0,0,0,0,4,0,0,0,1,0,1,1,0,0
45,281,Högsta domstolen,0,0,0,478,Carlsson I,1986-10-01,1986,1989,NA,NA,Beckman,Lars,Å.,0,0,1931,1959,NA,0,0,0,0,0,0,0,0,3,1,0,0,2,0,0,0,0,0,0,0,0,0,0,0,0,4,0,0,0,0,0,0,0,0,0
46,280,Högsta domstolen,0,0,0,296,Palme V,1986-03-01,1986,2003,NA,101,Nyström,Inger,NA,0,1,1936,1959,SU,0,0,0,0,0,0,0,0,0,2,0,0,0,0,0,0,0,0,0,0,0,0,0,0,0,0,0,1,0,0,0,0,0,0,0
47,279,Högsta domstolen,0,0,0,296,Palme V,1985-10-01,1986,1997,NA,201,Solerud,Hans-Gunnar,NA,0,0,1938,1963,UU,0,0,0,0,0,0,0,0,0,0,0,0,0,0,0,0,0,1,3,2,0,0,0,0,0,0,0,0,0,0,0,0,0,0,0
48,278,Högsta domstolen,0,0,0,647,Palme IV,NA,1984,2003,NA,101,Beckman,Lars,K.,0,0,1936,1960,SU,0,0,0,0,0,2,3,4,0,1,0,0,0,0,0,0,0,0,0,0,0,0,0,0,0,0,0,0,0,1,0,0,0,1,1
49,277,Högsta domstolen,0,0,0,647,Palme IV,NA,1984,1985,NA,304,Bergqvist,Olof,NA,0,0,1936,1962,NA,0,0,0,0,0,2,4,0,5,1,0,0,4,0,0,3,0,0,0,0,0,0,0,0,0,0,0,0,0,0,0,1,0,1,1
50,276,Högsta domstolen,0,0,0,647,Palme IV,NA,1984,2000,NA,101,Lind,Johan,NA,0,0,1934,1957,UU,0,0,0,0,0,2,0,3,0,1,0,0,4,0,0,5,0,0,0,0,0,0,0,0,0,0,0,0,0,1,0,0,1,1,1
51,275,Högsta domstolen,0,0,0,647,Palme IV,NA,1984,1996,NA,101,Freyschuss,Bertil,NA,0,0,1929,1953,SU,0,0,0,0,0,0,0,0,0,1,3,0,0,0,0,0,2,0,0,0,0,0,0,0,0,0,0,0,0,0,0,0,0,0,0
52,274,Högsta domstolen,0,0,0,647,Palme IV,1983-10-01,1983,2003,NA,101,Magnusson,Staffan,NA,0,0,1936,1962,LU,0,0,0,0,0,2,3,4,5,1,0,0,6,0,0,0,0,0,0,0,0,0,0,0,0,4,0,0,0,1,0,0,1,0,0
53,273,Högsta domstolen,0,0,0,647,Palme IV,1983-08-01,1983,1987,NA,101,Gad,Ulf,NA,0,0,1927,1953,UU,0,0,0,0,0,2,0,0,0,1,0,0,4,0,0,3,0,0,0,0,0,0,0,0,0,0,0,0,0,1,0,0,1,0,0
54,272,Högsta domstolen,0,0,0,142,Falldin III,1982-10-01,1983,1987,NA,322,Broomé,Bo,NA,0,0,1936,1962,LU,0,0,0,0,0,2,0,3,4,1,0,0,5,0,0,0,0,0,0,0,6,0,0,0,0,0,0,0,0,1,0,0,1,0,0
55,271,Högsta domstolen,0,0,0,16,Falldin II,1981-04-01,1981,1998,NA,301,Gregow,Torkel,NA,0,0,1935,1958,LU,0,0,0,0,0,2,0,0,0,1,0,0,3,0,0,0,0,0,0,0,0,0,0,0,0,2,0,0,0,1,0,0,1,0,0
56,270,Högsta domstolen,0,0,0,16,Falldin II,1980-12-01,1981,1995,NA,101,Heuman,Jan,NA,0,0,1929,1953,LU,0,0,0,0,0,4,0,0,0,1,5,0,3,0,0,0,0,0,0,0,0,2,0,0,0,0,0,0,0,1,0,0,1,1,1
57,268,Högsta domstolen,0,0,0,587,Ullsten,1979-06-28,1979,1980,NA,NA,Sterzel,Fredrik,NA,0,0,1934,1954,SU,2,1,1,4,0,0,0,0,5,0,0,6,7,0,0,0,0,0,3,0,7,0,0,0,0,0,0,0,0,0,0,0,0,1,1
58,267,Högsta domstolen,0,0,0,587,Ullsten,1979-06-28,1979,1996,NA,101,Jermsten,Per,NA,0,0,1929,1956,UU,0,0,0,0,0,2,3,4,3,1,0,0,6,0,0,0,0,0,0,0,0,0,0,0,0,0,0,0,0,1,0,1,0,1,1
59,266,Högsta domstolen,0,0,0,587,Ullsten,1979-02-01,1979,1980,NA,402,Sverne,Tor,NA,0,0,1925,1950,SU,0,0,0,0,0,0,0,0,0,1,3,0,0,0,0,0,0,0,0,0,0,0,0,0,0,2,4,0,0,0,0,0,1,0,0
60,265,Högsta domstolen,0,0,0,587,Ullsten,1978-12-21,1979,1992,NA,101,Rydin,Bengt,NA,0,0,1925,1948,UU,0,0,0,0,0,2,0,0,0,1,0,0,3,0,0,0,0,0,0,0,0,0,0,0,0,0,0,0,0,1,0,0,0,1,1
61,264,Högsta domstolen,0,0,0,137,Falldin I,1977-12-15,1978,1979,NA,202,Ljungar,Jan,NA,0,0,1928,1953,SU,0,0,0,0,0,0,0,0,0,1,3,0,3,0,0,4,2,0,0,0,0,0,0,0,0,0,0,0,0,0,0,0,0,1,1
62,263,Högsta domstolen,0,0,0,137,Falldin I,1977-02-24,1977,1993,NA,101,Bengtsson,Bertil,NA,0,0,1926,1950,UU,1,4,4,5,7,0,0,0,0,3,0,0,0,0,0,0,6,2,0,0,0,0,0,0,0,0,0,0,0,0,0,0,0,0,0
63,262,Högsta domstolen,0,0,0,137,Falldin I,1977-02-24,1977,1992,NA,101,Palm,Böret,NA,0,1,1925,1950,UU,0,0,0,0,0,4,5,0,6,1,0,0,6,0,0,0,0,0,0,0,0,0,0,0,0,2,3,0,0,0,0,1,1,0,0
64,261,Högsta domstolen,0,0,0,137,Falldin I,1976-12-02,1977,1997,NA,101,Vängby,Staffan,NA,0,0,1930,1952,SU,0,0,0,0,0,0,2,3,4,1,0,0,5,0,0,0,0,0,0,0,0,0,0,0,0,0,0,0,0,1,0,0,1,0,0
65,260,Högsta domstolen,0,0,0,438,Palme III,1976-05-20,1976,1989,NA,101,Persson,Lennart,NA,0,0,1922,1947,UU,0,0,0,0,0,2,0,0,0,1,0,0,4,0,0,3,0,0,0,0,0,0,0,0,0,0,0,0,0,1,0,1,0,0,0
66,259,Högsta domstolen,0,0,0,438,Palme III,1975-10-16,1975,1992,NA,301,Knutsson,Anders,NA,0,0,1931,1956,UU,0,0,0,0,0,0,2,3,4,1,0,0,0,0,0,5,0,0,0,0,0,0,0,0,0,0,0,0,0,1,0,0,1,0,0
67,258,Högsta domstolen,0,0,0,438,Palme III,1975-06-26,1975,1990,NA,301,Nyman,Sven,NA,0,0,1925,1952,LU,0,0,0,0,0,0,0,0,0,1,0,0,4,0,0,0,2,0,0,0,0,0,0,0,0,3,0,0,0,0,0,0,0,0,0
68,257,Högsta domstolen,0,0,0,438,Palme III,1974-05-17,1974,1983,NA,202,Nordenson,Ulf,NA,0,0,1924,1949,UU,0,0,0,0,0,0,0,2,3,1,0,0,4,0,0,0,0,0,0,0,5,0,0,0,0,0,0,0,0,0,0,0,0,1,1
69,256,Högsta domstolen,0,0,0,577,Palme II,1973-06-29,1973,1973,NA,304,Stark,Hans,NA,0,0,1931,1955,SU,0,0,0,0,0,0,0,2,3,1,0,0,0,0,0,0,0,0,0,0,0,0,0,0,0,0,0,0,0,1,0,0,0,0,0
70,255,Högsta domstolen,0,0,0,577,Palme II,1973-02-23,1973,1983,NA,101,Hessler,Henrik,NA,0,0,1918,1941,SU,1,2,2,3,4,0,0,0,0,0,0,0,0,0,0,0,0,0,0,0,0,0,0,0,0,0,0,0,0,0,0,0,1,1,1
71,254,Högsta domstolen,0,0,0,577,Palme II,1973-01-26,1973,1987,NA,101,Nyman,Erik,NA,0,0,1921,1947,UU,0,0,0,0,0,3,0,0,0,1,0,0,2,0,0,0,0,0,0,0,0,0,0,0,0,4,0,0,0,1,0,0,0,0,0
72,253,Högsta domstolen,0,0,0,219,Palme I,1969-12-05,1970,1988,NA,101,Welamson,Lars,NA,0,0,1921,1942,NA,1,2,2,2,3,4,0,0,0,0,0,0,0,0,0,0,0,0,0,0,0,0,0,0,0,0,0,0,5,1,0,0,1,0,0
73,252,Högsta domstolen,0,0,0,821,Erlander X,1969-08-15,1969,1989,NA,101,Mannerfelt,Nils,NA,0,0,1924,1948,NA,0,0,0,0,0,0,0,3,4,1,0,0,5,0,0,0,0,0,0,0,0,0,0,0,0,2,0,0,0,1,0,0,1,0,0
74,251,Högsta domstolen,0,0,0,821,Erlander X,1969-05-09,1969,1983,NA,101,Ulveson,Ingemar,NA,0,0,1917,1939,UU,0,0,0,0,0,2,0,3,0,1,0,0,0,0,0,0,0,0,0,0,0,0,0,0,0,4,0,0,0,1,0,1,0,1,1
75,250,Högsta domstolen,0,0,0,506,Erlander IX,1968-03-29,1968,1988,NA,101,Brundin,Leif,NA,0,0,1921,1948,UU,0,0,0,0,0,2,0,3,4,1,0,0,4,0,0,0,0,0,0,0,0,0,0,0,0,0,0,0,0,1,0,0,1,0,0
76,249,Högsta domstolen,0,0,0,506,Erlander IX,1968-03-29,1968,1986,NA,301,Höglund,Olle,NA,0,0,1923,1944,UU,0,0,0,0,0,0,0,2,4,1,0,0,3,0,0,0,0,0,0,0,0,0,0,0,0,0,0,0,0,1,0,0,1,0,0
77,248,Högsta domstolen,0,0,0,506,Erlander IX,1968-03-29,1968,1977,NA,101,Gärde Widemar,Ingrid,NA,0,1,1912,1936,SU,0,0,0,0,0,0,0,0,0,1,0,0,0,0,0,0,0,0,2,0,0,0,3,0,0,0,0,0,0,0,0,0,0,0,0
78,247,Högsta domstolen,0,0,0,506,Erlander IX,1967-02-24,1967,1985,NA,101,Fredlund,Lennart,NA,0,0,1919,1944,LU,0,0,0,0,0,2,0,3,5,1,0,0,4,0,0,0,0,0,0,0,0,0,0,0,0,0,0,0,0,1,0,1,1,0,0
79,246,Högsta domstolen,0,0,0,506,Erlander IX,1966-11-11,1966,1968,NA,402,Lundvik,Ulf,NA,0,0,1916,1942,LU,0,0,0,0,0,2,0,0,0,1,0,0,4,0,0,0,0,0,0,0,0,0,0,0,0,0,3,0,0,1,0,0,1,0,0
80,245,Högsta domstolen,0,0,0,506,Erlander IX,1966-02-25,1966,1979,NA,101,Walberg,Manne,NA,0,0,1912,1935,NA,0,0,0,0,0,0,0,3,0,1,0,0,4,0,0,0,0,0,0,0,0,0,0,0,0,2,0,5,0,0,0,0,0,0,0
81,244,Högsta domstolen,0,0,0,506,Erlander IX,1965-12-17,1966,1967,NA,401,Lännergren,Bengt,NA,0,0,1906,1934,SU,0,0,0,0,0,2,0,0,0,1,4,0,5,0,0,0,0,0,0,0,0,0,0,0,0,0,6,3,0,0,0,1,0,1,1
82,243,Högsta domstolen,0,0,0,506,Erlander IX,1965-09-09,1965,1984,NA,301,Holmberg,Carl,NA,0,0,1919,1943,SU,0,0,0,0,0,0,2,3,0,1,0,0,4,0,0,0,0,0,0,0,5,0,0,0,0,6,0,0,0,1,0,0,1,0,0
83,242,Högsta domstolen,0,0,0,506,Erlander IX,1965-06-15,1965,1984,NA,101,Hesser,Torwald,NA,0,0,1917,1939,SU,0,0,0,0,0,2,0,0,0,1,0,0,3,0,0,0,0,0,0,0,0,0,0,0,0,0,0,0,4,1,0,0,0,0,0
84,241,Högsta domstolen,0,0,0,424,Erlander VIII,1964-07-27,1964,1983,NA,101,Gyllensvärd,Johan,NA,0,0,1916,1940,UU,0,0,0,0,0,0,0,0,0,1,2,0,3,0,0,0,0,0,0,0,0,0,0,0,0,0,4,0,0,0,0,0,1,0,0
85,240,Högsta domstolen,0,0,0,424,Erlander VIII,1963-12-30,1964,1970,NA,101,Westerlind,Peter,NA,0,0,1917,1941,SU,0,0,0,0,0,3,0,0,0,1,0,0,4,0,0,0,0,0,0,0,0,0,0,0,0,2,0,0,0,1,0,1,1,0,0
86,239,Högsta domstolen,0,0,0,424,Erlander VIII,1963-06-05,1963,1963,NA,304,Hult,Bengt,NA,0,0,1917,1936,SU,0,0,0,0,0,2,0,3,0,1,0,0,4,0,0,0,0,0,0,0,4,0,0,0,0,0,0,0,0,1,0,0,0,0,0
87,238,Högsta domstolen,0,0,0,424,Erlander VIII,1963-02-15,1963,1981,NA,101,Bernhard,Björn,NA,0,0,1914,1938,NA,0,0,0,0,0,0,0,0,0,1,0,0,0,0,0,3,2,0,0,0,0,0,0,0,0,0,0,0,0,0,0,0,1,0,0
88,237,Högsta domstolen,0,0,0,424,Erlander VIII,1961-09-22,1961,1978,NA,101,Bergsten,Per,NA,0,0,1913,1937,LU,0,0,0,0,0,0,2,3,0,1,0,0,5,0,0,0,0,0,0,0,4,0,0,0,0,0,0,0,0,1,0,0,1,0,0
89,236,Högsta domstolen,0,0,0,424,Erlander VIII,1960-09-30,1960,1974,NA,101,Joachimsson,Nils,NA,0,0,1907,1929,NA,0,0,0,0,0,0,0,0,0,1,0,0,2,0,0,0,3,0,0,0,0,0,0,0,0,0,0,0,0,0,0,0,1,0,0
90,235,Högsta domstolen,0,0,0,424,Erlander VIII,1960-09-30,1960,1979,NA,101,Conradi,Erland,NA,0,0,1912,1935,UU,0,0,0,0,0,0,0,0,0,1,0,0,2,0,0,0,0,0,0,0,0,0,0,0,0,0,0,0,0,0,0,0,1,0,0
91,234,Högsta domstolen,0,0,0,208,Erlander VII,1960-02-26,1960,1977,NA,301,Alexanderson,Bertil,NA,0,0,1912,1935,SU,0,0,0,0,0,0,2,0,0,1,0,0,3,0,0,0,0,0,0,0,0,0,0,0,0,0,0,0,0,1,0,0,1,0,0
92,233,Högsta domstolen,0,0,0,208,Erlander VII,1960-02-26,1960,1976,NA,101,Brunnberg,Arne,NA,0,0,1909,1936,NA,0,0,0,0,0,2,0,3,0,1,0,0,4,0,0,0,0,0,0,0,0,0,0,0,0,0,0,0,0,1,0,1,0,1,1
93,232,Högsta domstolen,0,0,0,208,Erlander VII,1958-12-05,1959,1972,NA,101,Riben,Olof,NA,0,0,1905,1929,NA,0,0,0,0,0,0,0,0,0,1,4,0,3,0,0,2,0,0,0,0,0,0,0,0,0,0,0,0,0,0,0,0,0,1,1
94,231,Högsta domstolen,0,0,0,208,Erlander VII,1958-10-03,1958,1975,NA,101,Hedfeldt ,Erik,NA,0,0,1908,1931,SU,0,0,0,0,0,2,0,5,6,1,0,0,7,0,0,4,0,0,0,0,0,0,0,0,0,3,0,0,0,1,0,1,1,0,0
95,230,Högsta domstolen,0,0,0,207,Erlander V,1957-09-20,1957,1975,NA,301,Petrén,Otto,NA,0,0,1912,1935,LU,0,0,0,0,0,2,0,3,0,1,0,0,4,0,0,0,0,0,0,0,0,0,0,0,0,0,0,0,0,1,0,0,0,0,0
96,229,Högsta domstolen,0,0,0,207,Erlander V,1957-04-26,1957,1969,NA,203,Söderlund,Yngve,NA,0,0,1909,1932,NA,0,0,0,0,0,0,0,0,5,1,0,0,4,0,0,0,0,0,0,0,0,0,0,0,0,2,6,3,0,0,0,1,0,1,1
97,228,Högsta domstolen,0,0,0,781,Erlander IV,1955-09-30,1955,1965,NA,102,Dennemark,Sigurd,NA,0,0,1911,1932,UU,0,0,0,0,0,2,0,3,0,1,0,0,4,0,0,0,0,0,0,0,0,0,0,0,0,0,0,0,0,1,0,0,0,0,0
98,227,Högsta domstolen,0,0,0,781,Erlander IV,1955-06-25,1955,1977,NA,101,Nordström,Torkel,NA,0,0,1910,1934,LU,0,0,0,0,0,2,0,0,0,1,0,0,3,0,0,0,0,0,0,0,0,0,0,0,0,0,0,0,0,1,0,1,0,0,0
99,226,Högsta domstolen,0,0,0,781,Erlander IV,1955-03-18,1955,1969,NA,101,Bomgren,Gunnar,NA,0,0,1902,1923,NA,0,0,0,0,0,0,0,0,0,0,0,0,0,0,0,0,0,1,2,0,0,0,0,0,0,0,0,0,0,0,0,0,0,0,0
100,225,Högsta domstolen,0,0,0,781,Erlander IV,1954-06-04,1954,1972,NA,101,Digman,Hugo,NA,0,0,1905,1927,UU,0,0,0,0,0,3,0,0,0,1,0,0,2,0,0,0,4,0,0,0,0,0,0,0,0,5,6,0,0,1,0,0,1,0,0
101,224,Högsta domstolen,0,0,0,781,Erlander IV,1953-06-05,1953,1973,NA,301,Edling,Sven,NA,0,0,1908,1931,LU,0,0,0,0,0,2,0,3,0,1,0,0,4,0,0,0,0,0,0,0,5,0,0,0,0,0,0,0,0,1,0,0,0,1,1
102,223,Högsta domstolen,0,0,0,361,Erlander III,1952-05-05,1952,1963,NA,101,Tammelin,Erik,NA,0,0,1896,1920,NA,0,0,0,0,0,0,0,0,0,2,3,0,0,0,0,0,0,0,0,0,0,0,0,0,0,1,4,0,0,0,0,0,1,0,0
103,222,Högsta domstolen,0,0,0,361,Erlander III,1951-11-09,1951,1966,NA,102,af Trolle,Herved,NA,0,0,1905,1927,SU,0,0,0,0,0,3,2,0,0,1,0,0,4,0,0,0,0,0,0,0,0,0,0,0,0,0,0,0,0,1,0,0,1,0,0
104,221,Högsta domstolen,0,0,0,445,Erlander II,1951-05-18,1951,1965,NA,101,Hagbergh,Erik,NA,0,0,1900,1923,SU,0,0,0,0,0,0,0,0,0,1,0,0,2,0,0,0,3,0,0,0,0,0,0,0,0,0,0,0,0,0,0,0,0,1,1
105,220,Högsta domstolen,0,0,0,445,Erlander II,1950-12-01,1951,1966,NA,301,Romanus,Sven,NA,0,0,1906,1929,SU,0,0,0,0,0,2,0,3,0,1,0,0,4,0,0,6,0,0,0,0,0,0,0,0,0,0,5,0,0,1,0,0,0,1,1
106,219,Högsta domstolen,0,0,0,445,Erlander II,1950-01-04,1950,1966,NA,101,Söderlund,Erik,NA,0,0,1899,NA,NA,0,0,0,0,0,6,2,3,0,1,0,0,5,0,0,0,0,0,0,0,0,0,0,0,0,4,0,0,0,1,0,1,1,1,1
107,218,Högsta domstolen,0,0,0,445,Erlander II,1949-05-11,1949,1951,NA,501,Lindell,Ingvar,NA,0,0,1904,1925,NA,0,0,0,0,0,0,0,3,0,1,0,0,2,0,0,0,0,0,0,0,4,0,0,0,0,0,0,0,0,0,0,1,0,1,1
108,217,Högsta domstolen,0,0,0,445,Erlander II,1948-12-03,1948,1965,NA,101,Lind,Gösta,NA,0,0,1898,1923,NA,0,0,0,0,0,0,0,0,0,1,0,0,3,0,0,4,2,0,0,0,0,0,0,0,0,0,5,1,0,0,0,0,1,0,0
109,216,Högsta domstolen,0,0,0,628,Erlander I,1948-10-01,1948,1969,NA,101,Regner,Nils,NA,0,0,1902,1926,NA,0,0,0,0,0,0,2,4,0,1,0,0,3,0,0,0,0,0,0,0,0,0,0,0,0,5,6,0,0,1,0,0,1,0,0
110,215,Högsta domstolen,0,0,0,628,Erlander I,1948-05-21,1948,1958,NA,101,Sjöwall,Jochum,NA,0,0,1908,1931,SU,0,0,0,0,0,0,0,0,0,0,0,0,0,0,0,0,0,0,1,0,0,0,0,0,0,0,0,0,0,0,0,0,1,0,0
111,214,Högsta domstolen,1,0,0,628,Erlander I,1947-10-17,1963,1969,NA,101,Beckman,Nils,NA,2,0,1902,1923,SU,0,0,0,0,0,2,0,0,0,1,0,0,3,0,0,0,0,0,0,0,0,0,0,0,0,4,5,0,0,0,0,1,1,0,0
112,213,Högsta domstolen,0,0,0,628,Erlander I,1947-01-31,1947,1960,NA,404,Walin,Gösta,NA,0,0,1902,1925,SU,0,0,0,0,0,0,0,3,0,1,0,0,0,0,0,0,4,0,0,0,5,2,0,0,0,0,0,0,0,1,0,0,1,1,1
113,212,Högsta domstolen,0,0,0,543,Hansson VI,1946-05-01,1946,1964,NA,101,Karlgren,Hjalmar,NA,0,0,1897,1918,SU,0,1,1,2,3,0,0,0,0,0,0,0,0,0,0,0,0,0,0,0,0,0,0,0,0,0,0,0,0,0,0,0,0,0,0
114,211,Högsta domstolen,0,0,0,1180,Hansson IV,1944-03-31,1944,1961,NA,101,Lech,Halvar,NA,0,0,1894,1916,NA,0,0,0,0,0,0,0,0,0,1,2,0,0,0,0,4,0,0,0,0,0,0,0,0,0,3,5,0,0,0,0,0,1,0,0
115,210,Högsta domstolen,0,0,0,1180,Hansson IV,1943-12-17,1944,1960,NA,101,Ljunggren,Nils,NA,0,0,1893,1917,NA,0,0,0,0,0,0,4,0,0,1,0,0,2,0,0,0,3,0,0,0,0,0,0,0,0,0,5,0,0,0,0,1,0,0,0
116,209,Högsta domstolen,0,0,0,1180,Hansson IV,NA,1943,1947,NA,304,Hagander,Johan,NA,0,0,1896,NA,SU,0,0,0,0,0,0,0,0,0,1,3,0,0,0,0,0,2,0,0,0,0,0,0,0,0,0,0,0,0,0,0,0,0,0,0
117,208,Högsta domstolen,0,0,0,1180,Hansson IV,1943-04-16,1943,1958,NA,301,Hellquist,Carl Gustaf,NA,0,0,1896,1922,NA,0,0,0,0,0,0,0,2,5,1,0,0,3,0,0,0,4,0,0,0,5,0,0,0,0,0,0,0,0,1,0,0,0,0,0
118,207,Högsta domstolen,0,0,0,1180,Hansson IV,1942-06-19,1942,1957,NA,102,Strandberg,Tore,NA,0,0,1896,1918,UU,0,0,0,0,0,0,0,0,0,1,0,0,4,0,0,0,3,0,0,0,0,0,0,0,0,2,0,0,0,0,0,0,1,0,0
119,206,Högsta domstolen,0,0,0,1178,Hansson II,1939-10-01,1939,1960,NA,101,Nissen,Knut,NA,0,0,1893,1917,NA,0,0,0,0,0,0,0,0,0,1,0,0,2,0,0,0,3,0,0,0,0,0,0,0,0,0,0,0,0,0,0,0,0,0,0
120,205,Högsta domstolen,0,0,0,1178,Hansson II,1939-09-22,1939,1949,NA,304,Dahlman,Gunnar,NA,0,0,1895,1917,LU,0,0,0,0,0,0,0,4,4,1,0,0,3,0,0,3,2,0,0,0,5,0,0,0,0,0,4,0,0,1,0,0,1,0,0
121,204,Högsta domstolen,0,0,0,1178,Hansson II,1938-12-09,1939,1955,NA,301,Santesson,Per,NA,0,0,1892,1917,SU,0,0,0,0,0,3,0,5,0,1,0,0,6,0,0,0,4,0,0,0,0,2,0,0,0,0,0,0,0,1,0,1,1,0,0
122,203,Högsta domstolen,0,0,0,1178,Hansson II,NA,1938,1943,NA,102,Petré,Ragnar,NA,0,0,1892,1915,SU,0,0,0,0,0,0,0,0,0,1,4,0,3,0,0,0,2,0,0,0,0,0,0,0,0,0,0,0,0,0,0,0,0,0,0
123,202,Högsta domstolen,0,0,0,1183,Hansson I,1936-01-03,1936,1954,NA,101,Ekberg,Seve,NA,0,0,1887,1910,NA,0,0,0,0,0,0,0,0,0,1,4,0,2,0,0,0,0,0,0,0,0,0,0,0,0,0,3,0,0,0,0,0,1,0,0
124,201,Högsta domstolen,0,0,0,1183,Hansson I,1935-05-10,1935,1960,NA,101,Ericsson,Hugo,NA,0,0,1893,1914,NA,0,0,0,0,0,0,0,0,0,1,0,0,3,0,0,0,2,0,0,0,0,0,0,0,0,0,0,0,0,0,0,0,0,0,0
125,200,Högsta domstolen,0,0,0,1183,Hansson I,NA,1935,1955,NA,101,Sterzel,Fritz,NA,0,0,1890,1913,UU,1,2,2,3,4,0,0,0,0,6,0,0,7,0,0,0,5,0,0,0,0,0,0,0,0,0,0,0,0,0,0,0,0,0,0
126,199,Högsta domstolen,0,0,0,1183,Hansson I,1935-05-10,1935,1952,NA,301,Gyllenswärd,Ragnar,NA,0,0,1891,1916,NA,0,0,0,0,0,0,0,0,0,1,0,0,2,0,0,0,3,0,0,0,4,0,0,3,0,0,5,0,0,1,0,0,1,0,0
127,198,Högsta domstolen,0,0,0,1183,Hansson I,1933-09-29,1933,1955,NA,101,Lind,Erik,NA,0,0,1888,1912,NA,0,0,0,0,0,0,0,0,0,1,0,0,5,0,0,0,4,0,0,0,0,2,0,0,0,3,0,0,0,0,0,0,1,0,0
128,197,Högsta domstolen,0,0,0,1183,Hansson I,1933-06-09,1933,1948,NA,301,Guldberg,Harry,NA,0,0,1890,1914,UU,0,0,0,0,0,1,0,0,0,2,0,0,3,0,0,0,4,0,0,0,0,0,0,0,0,0,0,0,0,1,0,0,1,0,0
129,196,Högsta domstolen,0,0,0,1183,Hansson I,1933-06-02,1933,1949,NA,101,Bellinder,Sven,NA,0,0,1882,1904,NA,0,0,0,0,0,0,0,0,0,1,2,0,0,0,0,0,0,0,0,0,0,3,0,0,0,0,0,0,0,0,0,0,1,0,0
130,195,Högsta domstolen,0,0,0,1183,Hansson I,1932-09-30,1933,1955,NA,101,Alsén,John,NA,0,0,1888,1912,NA,0,0,0,0,0,0,0,3,4,1,0,0,5,0,0,0,2,0,0,0,6,0,0,0,0,0,0,0,0,1,0,1,1,0,0
131,194,Högsta domstolen,0,0,0,1184,Ekman II,1932-06-03,1932,1948,NA,301,Afzelius,Axel,NA,0,0,1885,1908,UU,0,0,0,0,0,0,0,0,0,1,0,0,2,0,0,3,0,0,0,0,0,0,0,0,0,0,0,0,0,0,0,0,0,0,0
132,193,Högsta domstolen,0,0,0,1184,Ekman II,1931-05-29,1931,1933,NA,601,Sandström,Emil,NA,0,0,1886,NA,UU,0,0,0,0,0,0,0,0,0,1,0,0,0,0,0,0,0,0,0,0,0,0,0,0,0,0,0,0,0,0,0,0,0,0,0
133,192,Högsta domstolen,0,0,0,1184,Ekman II,1931-05-08,1931,1953,NA,101,Forssman,Hilding,NA,0,0,1886,1909,NA,0,0,0,0,0,0,0,0,0,1,0,0,3,0,0,4,2,0,0,0,0,0,0,0,0,0,5,0,0,0,0,0,1,0,0
134,191,Högsta domstolen,0,0,0,1184,Ekman II,1930-10-31,1930,1946,NA,NA,Vult von Steyern,Nils,NA,0,0,1887,NA,NA,0,0,0,0,0,0,0,0,0,1,0,0,2,0,0,0,0,0,0,0,0,0,0,1,0,0,0,0,0,0,0,0,0,0,0
135,190,Högsta domstolen,0,0,0,1184,Ekman II,1930-08-28,1930,1943,NA,101,Bagge,Algot,NA,0,0,1875,1899,NA,0,0,0,0,0,0,0,0,0,1,4,0,2,0,0,0,3,0,0,0,0,0,0,0,0,0,0,0,0,0,0,0,0,1,1
136,189,Högsta domstolen,0,0,0,1184,Ekman II,1930-06-13,1930,1947,NA,101,Grefberg,Gustaf,NA,0,0,1879,1904,UU,0,0,0,0,0,0,0,3,4,1,0,0,2,0,0,0,0,0,0,0,5,0,0,0,0,0,0,0,0,1,0,0,1,0,0
137,188,Högsta domstolen,0,0,0,1185,Lindman,1930-05-30,1930,1948,NA,399,Lawski,Sven,NA,0,0,1884,1907,UU,0,0,0,0,0,0,0,0,0,1,0,0,2,0,0,0,3,0,0,0,0,0,0,0,0,0,0,0,0,0,0,0,0,0,0
138,187,Högsta domstolen,0,0,0,1185,Lindman,1929-11-07,1929,1948,NA,101,Forsberg,Hans,NA,0,0,1881,1906,NA,0,0,0,0,0,0,0,0,0,1,3,0,0,0,0,0,2,0,0,0,0,0,0,0,0,0,3,0,0,0,0,0,0,0,0
139,186,Högsta domstolen,0,0,0,1185,Lindman,1929-11-07,1929,1950,NA,101,Geijer,Erik,NA,0,0,1883,1907,UU,0,0,0,0,0,0,0,0,0,1,0,0,2,0,0,0,3,0,0,0,0,0,0,0,0,0,4,0,0,0,0,0,0,0,0
140,185,Högsta domstolen,0,0,0,1185,Lindman,1929-10-11,1929,1931,NA,304,Lindhagen,Arthur,NA,0,0,1884,1907,UU,0,0,0,0,0,0,0,0,0,1,0,0,2,0,0,0,3,0,0,0,0,0,0,0,0,0,0,0,0,0,0,0,0,1,1
141,184,Högsta domstolen,0,0,0,1185,Lindman,1929-08-03,1929,1930,NA,501,Gärde,Natanael,NA,0,0,1880,1905,UU,0,0,0,0,0,0,0,0,0,1,0,0,2,0,0,3,3,0,0,0,0,0,0,4,0,0,0,0,0,0,0,0,0,1,1
142,183,Högsta domstolen,0,0,0,1186,Ekman I,1927-06-18,1927,1940,NA,203,Eklund,Rudolf,NA,0,0,1883,1906,NA,0,0,0,0,0,4,0,0,0,1,0,0,2,0,0,0,3,0,0,0,0,0,0,0,0,0,5,0,0,1,0,0,1,1,1
143,182,Högsta domstolen,0,0,0,1187,Sandler,1926-01-26,1926,1933,NA,101,Stenbeck,Einar,NA,0,0,1881,1905,UU,0,0,0,0,0,0,0,0,0,1,0,0,2,0,0,0,3,0,0,0,0,0,0,0,0,0,0,0,4,0,0,0,0,0,0
144,181,Högsta domstolen,0,0,0,1187,Sandler,1925-07-20,1925,1927,NA,404,Ekeberg,Birger,NA,0,0,1880,1902,NA,0,2,2,1,3,0,0,0,0,0,0,0,0,0,0,0,0,0,0,0,0,0,0,0,0,0,0,0,0,0,0,0,0,0,0
145,180,Högsta domstolen,0,0,0,1189,Trygger,1923-06-27,1923,1930,NA,405,Tiselius,Karl,NA,0,0,1875,1899,NA,0,0,0,0,0,4,0,0,0,1,0,0,3,0,0,0,2,0,0,0,5,0,0,0,0,0,0,0,0,1,0,0,1,0,0
146,179,Högsta domstolen,0,0,0,1190,Branting II,1922-02-03,1922,1944,NA,101,Alexanderson,Nils,NA,0,0,1875,1898,NA,0,1,1,2,3,0,0,0,0,0,0,0,0,0,0,0,0,0,0,0,0,0,4,0,0,0,0,0,0,0,0,0,0,0,0
147,178,Högsta domstolen,0,0,0,1191,von Sydow,1921-04-15,1921,1929,NA,324,Högstedt,Karl-Henrik,NA,0,0,1872,1895,UU,0,0,0,0,0,0,0,0,0,1,4,0,2,0,0,5,3,0,0,0,0,0,0,0,0,0,0,0,0,0,0,0,1,0,0
148,177,Högsta domstolen,0,0,0,1194,Eden,1918-12-31,1918,1929,NA,102,Kôersner,Albert,NA,0,0,1872,1894,NA,0,0,0,0,2,4,0,0,0,0,0,0,0,0,0,0,0,0,1,0,0,0,0,0,0,0,0,0,0,0,0,1,1,0,0
149,176,Högsta domstolen,0,0,0,1194,Eden,NA,1919,1938,NA,102,Appelberg,Gustaf,NA,0,0,1871,1895,UU,0,0,0,0,0,0,0,3,0,1,0,0,2,0,0,0,0,0,0,0,0,0,0,0,0,0,0,0,0,1,0,0,0,0,0
150,175,Högsta domstolen,0,0,0,1368,Swartz,1917-03-30,1917,1939,NA,101,Stenberg,Steno,NA,0,0,1870,1894,UU,0,0,0,0,0,0,0,0,3,1,0,0,4,0,0,0,2,0,0,0,0,0,0,5,0,0,0,0,0,1,0,0,1,0,0
151,174,Högsta domstolen,0,0,0,1371,Hammarskjold II,1916-08-30,1916,1942,NA,101,Edelstam,Axel,NA,0,0,1873,1899,UU,0,0,0,0,0,4,0,0,0,1,0,0,2,0,0,0,3,0,0,0,0,0,0,0,0,0,0,0,0,1,0,0,0,0,0
152,173,Högsta domstolen,0,0,0,1371,Hammarskjold II,NA,1916,1938,NA,101,Molin,Erik,NA,0,0,1868,1892,UU,0,0,0,0,0,0,0,0,0,0,1,0,0,0,0,0,0,0,0,0,0,0,0,0,0,0,0,0,0,0,0,0,1,0,0
153,172,Högsta domstolen,0,0,0,1371,Hammarskjold II,NA,1915,1918,NA,102,Almén,Tore,NA,0,0,1871,1895,UU,2,2,2,1,0,0,0,0,0,0,0,0,0,0,0,0,3,0,0,0,0,0,0,0,0,0,0,0,0,0,0,0,1,0,0
154,171,Högsta domstolen,0,0,0,1370,Staaff,NA,1913,1939,NA,101,Wedberg,Birger,NA,0,0,1870,1894,UU,0,0,0,0,0,0,0,2,0,1,0,0,3,0,0,0,0,0,0,0,0,0,0,0,0,0,0,0,0,1,0,0,1,0,0
155,170,Högsta domstolen,0,0,0,1370,Staaff,NA,1911,1938,NA,101,Leijonhufvud,Bo,NA,0,0,1868,1893,UU,0,0,0,0,0,3,2,0,0,1,0,0,4,0,0,0,5,0,0,0,0,0,0,0,0,0,0,0,0,1,0,1,1,0,0
156,169,Högsta domstolen,0,0,0,9999,NA,NA,1910,1930,NA,101,Dyberg,Vilhelm,NA,0,0,1860,1886,UU,0,0,0,0,0,0,0,0,0,1,0,0,0,0,0,0,0,0,0,0,0,0,0,0,0,2,0,0,0,0,0,0,0,0,0
157,168,Högsta domstolen,0,0,0,9999,NA,NA,1910,1936,NA,101,Christiansson,Carl,NA,0,0,1866,1892,NA,0,0,0,0,0,0,0,0,0,1,3,0,0,0,0,0,2,0,0,0,0,0,0,0,0,0,0,0,0,0,0,0,0,0,0
158,167,Högsta domstolen,0,0,0,9999,NA,NA,1909,1935,NA,102,Svedelius,Arvid,NA,0,0,1867,1891,NA,0,0,0,0,0,0,0,0,3,1,0,0,0,0,0,0,2,0,0,0,0,0,0,0,0,0,0,0,0,1,0,0,0,0,0
159,166,Högsta domstolen,0,0,0,9999,NA,NA,1909,1937,NA,101,von Seth,Pehr,NA,0,0,1867,NA,NA,0,1,1,0,0,0,0,3,4,2,0,0,0,0,0,0,0,0,0,0,0,0,0,0,0,0,0,0,0,1,0,1,0,0,0
160,165,Högsta domstolen,0,0,0,9999,NA,NA,1909,1918,NA,404,Sjögren,Wilhelm,NA,0,0,1866,1892,NA,0,0,0,1,2,0,0,0,0,0,0,0,0,0,0,0,0,0,0,0,0,0,0,0,0,0,0,0,0,0,0,0,1,0,0
161,163,Högsta domstolen,0,0,0,9999,NA,NA,1909,1931,NA,101,Carlson,Gustaf,NA,0,0,1861,1881,NA,0,0,0,0,0,3,0,0,0,1,0,0,0,0,0,0,2,0,0,0,0,0,0,0,0,0,0,0,0,1,0,0,0,1,1
162,162,Högsta domstolen,0,0,0,9999,NA,NA,1909,1926,NA,102,Améen,Louis,NA,0,0,1862,1885,UU,0,0,0,0,0,0,0,0,0,1,3,0,0,0,0,0,2,0,0,0,0,0,0,0,0,0,0,0,0,0,0,0,0,0,0
163,161,Högsta domstolen,0,0,0,9999,NA,NA,1908,1923,NA,601,Berglöf,Anshelm,NA,0,0,1867,1889,NA,0,0,0,0,0,0,0,0,0,1,2,0,0,0,0,0,2,0,0,0,0,0,0,0,0,0,0,0,0,0,0,0,0,0,0
164,160,Högsta domstolen,0,0,0,9999,NA,NA,1908,1929,NA,102,Gullstrand,Edvin,NA,0,0,1863,1888,NA,0,0,0,0,0,2,0,0,0,1,0,0,0,0,0,0,0,0,0,0,0,0,0,0,0,0,0,0,0,1,0,0,1,0,0
165,159,Högsta domstolen,0,0,0,9999,NA,NA,1908,1932,NA,102,Bergman,Otto,NA,0,0,1865,1889,NA,0,0,0,0,0,0,0,0,3,1,0,0,0,0,0,0,2,0,0,0,0,0,0,0,0,0,0,0,0,0,0,1,0,0,0
166,158,Högsta domstolen,0,0,0,9999,NA,NA,1908,1937,NA,101,Skarstedt,Sigfrid Adalvard,NA,0,0,1867,1890,LU,0,1,1,0,0,0,0,0,0,2,0,0,0,0,0,0,3,0,0,0,0,0,0,0,0,0,0,0,0,0,0,0,1,0,0
167,157,Högsta domstolen,0,0,0,9999,NA,NA,1907,1907,NA,601,Thomasson,Åke,NA,0,0,1863,1887,LU,0,0,0,0,0,0,0,0,0,1,0,0,0,0,0,0,2,0,0,0,0,0,0,0,0,0,0,0,0,0,0,0,1,0,0
168,156,Högsta domstolen,0,0,0,9999,NA,NA,1907,1915,NA,603,Borgström,Axel,NA,0,0,1862,1884,LU,0,0,0,0,0,0,0,0,0,1,0,0,2,0,0,0,0,0,0,0,0,0,0,0,0,0,0,0,0,0,0,1,0,0,0
169,155,Högsta domstolen,0,0,0,9999,NA,NA,1906,1907,NA,203,Hellner,Johannes,NA,0,0,1866,1891,LU,1,3,3,2,0,0,0,6,0,5,0,0,0,0,8,0,0,0,0,0,0,4,0,7,0,0,0,0,0,1,0,0,1,0,0
170,154,Högsta domstolen,0,0,0,9999,NA,NA,1906,1933,NA,101,Sundberg,Emil,NA,0,0,1863,1886,UU,0,0,0,0,0,0,0,0,2,1,3,0,0,0,0,0,0,0,0,0,0,0,0,0,0,0,0,0,0,0,0,1,0,0,0
171,153,Högsta domstolen,0,0,0,9999,NA,NA,1905,1906,NA,501,Hederstierna,Carl,NA,0,0,1861,1886,NA,0,0,0,0,0,0,0,0,2,1,0,0,0,0,0,0,0,0,0,0,0,0,0,0,0,0,0,0,0,0,0,1,0,0,0
172,152,Högsta domstolen,0,0,0,9999,NA,NA,1905,1907,NA,503,Trygger,Ernst,NA,0,0,1857,1881,NA,1,2,2,3,4,0,0,0,0,0,0,0,0,0,0,0,0,0,0,0,0,0,0,6,0,5,0,0,0,0,0,0,0,0,0
173,151,Högsta domstolen,0,0,0,9999,NA,NA,1905,1930,NA,102,Petrén,Edvard,NA,0,0,1863,1887,NA,0,0,0,0,0,0,0,3,4,1,0,0,0,0,0,0,2,0,0,0,0,0,0,5,0,0,0,0,0,1,0,0,0,0,0
174,150,Högsta domstolen,0,0,0,9999,NA,NA,1903,1920,NA,321,Marks von Würtemberg,Erik,NA,0,0,1861,NA,NA,0,0,0,0,0,0,0,0,0,1,3,0,0,0,0,0,2,0,0,0,0,0,0,0,0,0,0,0,0,0,0,0,0,0,0
175,149,Högsta domstolen,0,0,0,9999,NA,NA,1902,1921,NA,102,Silverstolpe,Karl Fredrik,NA,0,0,1854,1878,NA,0,0,0,0,0,0,0,0,0,1,0,0,0,0,0,0,2,0,0,0,0,0,0,0,0,0,0,0,0,1,0,3,0,0,0
176,148,Högsta domstolen,0,0,0,9999,NA,NA,1902,1925,NA,101,Quensel,Eberhard,NA,0,0,1855,1881,UU,0,0,0,0,0,0,0,0,3,1,0,0,0,0,0,0,2,0,0,0,0,0,0,0,0,0,0,0,0,1,0,0,0,0,0
177,147,Högsta domstolen,0,0,0,9999,NA,1898-07-08,1898,1915,NA,101,Grefberg,Ernst Wilhelm,NA,0,0,1845,1871,UU,0,0,0,0,0,0,0,0,0,1,0,0,2,0,0,0,0,0,0,0,0,0,0,0,0,0,0,0,0,0,0,0,0,0,0
178,146,Högsta domstolen,0,0,0,9999,NA,NA,1898,1909,NA,101,Cassel,Carl Edvard,NA,0,0,1853,1878,UU,0,0,0,0,0,0,0,2,3,1,0,0,0,0,0,0,0,0,0,0,0,0,0,0,0,0,0,0,0,1,0,1,0,0,0
179,145,Högsta domstolen,0,0,0,9999,NA,NA,1905,1909,NA,404,Westring,Hjalmar,NA,1,0,1857,1881,UU,0,0,0,0,0,0,0,0,2,1,0,0,0,0,0,0,2,0,0,0,0,0,0,0,0,0,0,0,0,0,0,1,1,0,0
180,144,Högsta domstolen,0,0,0,9999,NA,1905-08-07,1905,1909,1909-05-26,302,Ramstedt,Johan Olof,NA,1,0,1852,1873,UU,0,0,0,0,0,0,0,0,3,1,0,0,0,0,0,0,2,0,0,0,0,0,0,0,0,0,0,0,0,1,0,0,1,0,0
181,143,Högsta domstolen,0,0,0,9999,NA,NA,1897,1922,NA,101,Bohman,Hugo Erik Mauritz,NA,0,0,1852,NA,NA,0,0,0,0,0,0,0,0,0,1,0,0,0,0,0,0,2,0,0,0,0,0,0,0,0,0,3,0,0,0,0,0,0,0,0
182,142,Högsta domstolen,0,0,0,9999,NA,NA,1897,1917,NA,102,Billing,Herman,NA,0,0,1849,1875,NA,0,0,0,0,0,0,0,0,0,0,1,0,0,0,0,0,0,0,0,0,0,0,0,0,0,0,0,0,0,0,0,0,0,1,1
183,141,Högsta domstolen,0,0,0,9999,NA,NA,1897,1905,NA,102,Hellström,Carl Abraham,NA,0,0,1854,1878,UU,0,0,0,0,0,0,0,0,0,0,1,0,0,0,0,0,1,0,0,0,0,0,0,0,0,0,0,0,0,0,0,0,0,0,0
184,140,Högsta domstolen,0,0,0,9999,NA,NA,1897,1909,NA,102,Thollander,Axel Ferdinand,NA,0,0,1848,1871,NA,0,0,0,0,0,0,0,0,0,1,0,0,0,0,0,0,2,0,0,0,0,0,0,0,0,0,3,0,0,0,0,0,0,0,0
185,139,Högsta domstolen,0,0,0,9999,NA,NA,1896,1905,NA,501,Peterson,Albert,NA,0,0,1851,NA,LU,0,0,0,0,0,0,0,0,3,1,0,0,0,0,0,0,2,0,0,0,0,0,0,0,0,0,0,0,0,0,0,0,0,0,0
186,138,Högsta domstolen,0,0,0,9999,NA,NA,1893,1908,NA,203,Wijkander,Carl Rutger Theodor,NA,0,0,1850,1877,LU,0,1,1,0,0,0,0,4,0,2,0,0,0,0,0,0,3,0,0,0,0,0,0,0,0,0,0,0,0,0,0,1,0,0,0
187,137,Högsta domstolen,0,0,0,9999,NA,NA,1892,1898,NA,501,Claëson,Nils,NA,0,0,1848,1883,UU,0,0,0,0,0,0,0,0,3,1,0,0,0,0,0,0,2,0,0,0,0,0,0,0,0,0,4,0,0,0,0,1,0,0,0
188,136,Högsta domstolen,0,0,0,9999,NA,NA,1892,1916,NA,102,Lindbäck,Karl,NA,0,0,1846,1867,NA,0,0,0,0,0,0,0,0,3,1,0,0,0,0,0,0,2,0,0,0,0,0,0,0,0,0,0,0,0,1,0,0,0,0,0
189,135,Högsta domstolen,0,0,0,9999,NA,NA,1891,1896,NA,405,Isberg,Paul Gustaf Waldemar,NA,0,0,1848,1870,LU,0,0,0,0,0,0,0,0,2,1,3,0,0,0,0,0,2,0,0,0,0,0,0,0,0,0,0,0,0,1,0,0,1,0,0
190,134,Högsta domstolen,0,0,0,9999,NA,NA,1891,1902,NA,404,Afzelius,Ivar,NA,0,0,1848,1873,UU,1,2,2,0,0,0,0,0,0,0,0,0,0,0,0,0,3,0,0,0,0,0,0,0,0,0,0,0,0,0,0,0,1,0,0
191,133,Högsta domstolen,0,0,0,9999,NA,NA,1889,1917,NA,101,Carlson,Karl,NA,0,0,1850,1873,NA,0,1,1,0,0,0,0,3,0,2,0,0,0,0,0,0,4,0,0,0,0,0,0,0,0,0,0,0,0,1,0,0,0,0,0
192,132,Högsta domstolen,0,0,0,9999,NA,NA,1889,1908,NA,102,Huss,Wilhelm,NA,0,0,1843,1871,NA,0,0,0,0,0,0,0,0,0,1,0,0,0,0,0,0,2,0,0,0,0,0,3,0,0,0,4,0,0,0,0,0,1,0,0
193,131,Högsta domstolen,0,0,0,9999,NA,NA,1889,1891,NA,102,Thomasson,Eskilander,NA,0,0,1829,1856,LU,0,1,1,2,0,0,0,0,0,0,3,0,0,0,0,0,0,0,0,0,0,0,4,0,0,0,5,0,0,0,0,0,0,0,0
194,130,Högsta domstolen,0,0,0,9999,NA,NA,1889,1891,NA,102,Westman,Ernst Axel,NA,0,0,1839,NA,NA,0,0,0,0,0,0,0,0,0,1,0,0,0,0,0,0,2,0,0,0,0,0,0,0,0,0,0,0,0,0,0,0,0,0,0
195,129,Högsta domstolen,0,0,0,9999,NA,NA,1888,1898,NA,102,Hammarskjöld,Carl Gustaf,NA,0,0,1838,NA,NA,0,0,0,0,1,0,0,0,0,0,0,0,0,0,0,0,0,0,0,0,0,0,3,2,0,0,0,0,0,0,0,0,0,0,0
196,128,Högsta domstolen,0,0,0,9999,NA,NA,1888,1889,NA,321,von Steyern,Nils Henrik Vult,NA,0,0,1839,NA,UU,0,0,0,0,0,0,0,0,2,0,0,0,0,0,0,0,0,0,0,0,1,0,0,3,0,0,0,0,0,0,0,1,0,0,0
197,127,Högsta domstolen,0,0,0,9999,NA,NA,1887,1911,NA,101,Lilienberg,Robert,NA,0,0,1841,1861,NA,0,0,0,0,0,0,0,3,4,1,0,0,0,0,0,0,2,0,0,0,0,0,0,0,0,0,0,0,0,1,0,0,0,0,0
198,126,Högsta domstolen,0,0,0,9999,NA,NA,1886,1903,NA,101,Norberg,Alfred August,NA,0,0,1837,1864,NA,0,0,0,0,0,0,0,0,0,1,0,0,0,0,0,0,2,0,0,0,0,0,0,0,0,0,0,0,0,0,0,0,1,0,0
199,125,Högsta domstolen,0,0,0,9999,NA,NA,1886,1906,NA,407,Skarin,Anders Reinhold,NA,0,0,1839,1861,NA,0,0,0,0,0,0,0,0,0,1,0,0,0,0,0,0,2,0,0,0,0,0,0,0,0,0,0,0,0,0,0,0,0,0,0
200,124,Högsta domstolen,0,0,0,9999,NA,NA,1886,1908,NA,101,Herslow,Ernst,NA,0,0,1838,1857,LU,0,0,0,0,0,0,0,3,0,1,0,0,0,0,0,0,2,0,0,0,0,0,0,0,0,0,0,0,0,1,0,0,0,1,1
201,123,Högsta domstolen,0,0,0,9999,NA,NA,1884,1897,NA,102,Åbergsson,Anders Victor,NA,0,0,1835,1859,UU,0,0,0,0,0,0,0,0,4,1,0,0,0,0,0,0,3,0,0,0,0,0,0,0,0,0,2,0,0,1,0,0,1,0,0
202,122,Högsta domstolen,0,0,0,9999,NA,NA,1884,1888,NA,501,Örbom,Carl Gustaf Axel,NA,0,0,1836,1858,UU,0,0,0,0,0,0,0,0,0,1,0,0,2,0,0,0,0,0,0,0,0,0,0,0,0,0,0,0,0,1,0,0,0,0,0
203,121,Högsta domstolen,0,0,0,9999,NA,1883-03-02,1883,1884,NA,404,Annerstedt,Ludvig,NA,0,0,1836,1860,UU,0,0,0,0,1,0,0,2,3,0,0,0,0,0,0,0,0,0,0,0,0,0,0,0,0,0,0,0,0,1,0,0,1,0,0
204,120,Högsta domstolen,0,0,0,9999,NA,NA,1882,1898,NA,101,Ahlgren,Christian,NA,0,0,1831,NA,NA,0,0,0,0,0,0,0,0,0,0,0,0,1,0,0,0,0,0,0,0,0,0,0,0,0,0,0,0,0,0,0,0,0,0,0
205,119,Högsta domstolen,0,0,0,9999,NA,NA,1880,1898,NA,102,Glimstedt,Peter Olof,NA,0,0,1833,NA,NA,0,0,0,0,0,0,0,0,0,1,3,0,0,0,0,0,2,0,0,0,0,0,0,0,0,0,0,0,0,0,0,0,0,0,0
206,118,Högsta domstolen,0,0,0,9999,NA,NA,1879,1880,NA,405,Ryding,Gustaf,NA,0,0,1833,NA,NA,0,0,0,0,0,0,0,0,3,1,0,0,0,0,0,0,2,0,0,0,0,0,0,0,0,0,0,0,0,1,0,0,0,0,0
207,117,Högsta domstolen,0,0,0,9999,NA,NA,1877,1892,NA,101,Wedberg,Johan Otto,NA,0,0,1826,1848,NA,0,0,0,0,0,0,0,3,0,1,0,0,0,0,0,0,2,0,0,0,0,0,0,0,0,0,0,0,0,0,0,1,0,0,0
208,116,Högsta domstolen,0,0,0,9999,NA,NA,1876,1889,NA,324,Östergren,August,NA,0,0,1832,NA,LU,0,0,0,0,0,0,4,0,3,1,0,0,0,0,0,0,2,0,0,0,0,0,0,0,0,0,0,0,0,1,0,1,0,0,0
209,115,Högsta domstolen,0,0,0,9999,NA,NA,1875,1897,NA,101,Hernmarck,Carl Gustaf,NA,0,0,1830,NA,NA,0,0,0,0,0,0,0,0,2,1,0,0,3,0,0,0,0,0,0,0,0,0,0,0,0,0,0,0,0,1,0,0,0,0,0
210,114,Högsta domstolen,0,0,0,9999,NA,NA,1874,1893,NA,404,Svedelius,Carl Frithiof,NA,0,0,1828,NA,NA,0,0,0,0,0,0,0,0,0,1,0,0,0,0,0,0,2,0,0,0,0,0,0,0,0,0,3,0,0,0,0,0,0,0,0
211,113,Högsta domstolen,0,0,0,9999,NA,NA,1874,1886,NA,503,Lindhagen,Claes Albert,NA,0,0,1823,1849,UU,0,0,0,0,0,0,4,0,3,1,0,0,0,0,0,0,2,0,0,0,0,0,0,5,0,0,0,0,0,1,0,1,1,0,0
212,112,Högsta domstolen,0,0,0,9999,NA,NA,1872,1886,NA,101,von Segebaden,Carl Johan Oscar,NA,0,0,1821,NA,NA,0,0,0,0,0,0,0,0,0,1,0,0,0,0,0,0,2,0,0,0,0,0,0,0,0,0,0,0,0,0,0,0,0,0,0
213,111,Högsta domstolen,0,0,0,9999,NA,NA,1869,1889,NA,101,Huss,Frans Fabian,NA,0,0,1819,1845,NA,0,0,0,0,0,0,0,0,3,1,0,0,0,0,0,0,2,0,0,0,0,0,0,0,0,4,4,0,0,1,0,0,0,0,0
214,110,Högsta domstolen,0,0,0,9999,NA,NA,1868,1874,NA,102,Strandberg,Carl Gustaf,NA,0,0,1825,1846,UU,0,0,0,0,0,0,0,4,5,1,0,0,0,0,0,0,2,0,0,0,0,3,0,0,0,0,0,0,0,1,0,0,1,0,0
215,109,Högsta domstolen,0,0,0,9999,NA,NA,1868,1875,NA,502,Lagerstråle,Gerhard,NA,0,0,1814,1834,UU,0,0,0,0,0,0,0,0,4,1,0,0,4,0,0,0,3,0,0,0,0,0,0,5,0,2,0,0,0,0,0,0,0,0,0
216,108,Högsta domstolen,0,0,0,9999,NA,NA,1868,1889,NA,313,Olivecrona,Samuel Rudolf Detlof Knut,NA,0,0,1817,NA,NA,0,0,0,0,1,0,0,0,0,0,0,0,0,0,0,0,0,0,0,0,0,0,0,0,0,0,0,0,0,0,0,0,0,0,0
217,107,Högsta domstolen,0,0,0,9999,NA,NA,1867,1872,NA,102,Dreijer,Arendt,NA,0,0,1822,1843,UU,0,0,0,0,0,0,0,0,3,1,0,0,0,0,0,0,2,0,0,0,0,0,0,0,0,0,4,0,0,1,0,0,0,0,0
218,106,Högsta domstolen,0,0,0,9999,NA,NA,1863,1886,NA,102,Rabe,Clas Julius,NA,0,0,1821,NA,NA,0,0,0,0,0,0,0,3,0,1,0,0,0,0,0,0,2,0,0,0,0,0,0,0,0,0,0,0,0,1,0,0,0,0,0
219,105,Högsta domstolen,0,0,0,9999,NA,NA,1862,1888,NA,102,von Hofsten,Karl Erland,NA,0,0,1817,NA,NA,0,0,0,0,0,0,0,0,0,1,0,0,0,0,0,0,2,0,0,0,0,0,0,0,0,0,0,0,0,0,0,0,0,0,0
220,104,Högsta domstolen,0,0,0,9999,NA,NA,1861,1877,NA,102,Bolin,Walfrid,NA,0,0,1820,NA,NA,0,0,0,0,0,0,0,0,3,1,0,0,0,0,0,0,2,0,0,0,0,0,0,0,0,0,0,0,0,1,0,0,0,0,0
221,103,Högsta domstolen,0,0,0,9999,NA,NA,1860,1887,NA,102,Naumann,Christian,NA,0,0,1810,1832,NA,0,4,4,0,3,0,0,0,0,0,1,0,0,0,0,0,0,0,0,0,0,0,0,0,0,2,0,0,0,0,0,0,0,0,0
222,102,Högsta domstolen,0,0,0,9999,NA,NA,1860,1868,NA,322,Adlercreutz,Axel,NA,0,0,1821,1845,UU,0,0,0,0,0,0,0,0,0,1,0,0,0,0,0,0,2,0,0,0,0,0,0,0,0,0,0,0,0,0,0,0,0,0,0
223,101,Högsta domstolen,0,0,0,9999,NA,NA,1860,1891,NA,102,Wretman,Waldemar,NA,0,0,1820,NA,NA,0,0,0,0,0,0,0,0,0,1,0,0,0,0,0,0,2,0,0,0,0,0,0,0,0,0,0,0,0,0,0,0,0,0,0
224,100,Högsta domstolen,0,0,0,9999,NA,NA,1860,1874,NA,501,Carleson,Edvard,NA,0,0,1820,NA,UU,0,0,0,0,0,0,0,0,2,1,0,0,0,0,0,0,0,0,0,0,0,0,0,0,0,0,0,0,0,1,0,0,0,0,0
225,99,Högsta domstolen,0,0,0,9999,NA,NA,1860,1867,NA,321,Almqvist,Ludvig Theodor,NA,0,0,1818,NA,UU,0,0,0,0,0,0,0,0,0,1,3,0,0,0,0,0,2,0,0,0,0,0,0,5,0,0,4,0,0,0,0,0,0,0,0
226,98,Högsta domstolen,0,0,0,9999,NA,NA,1859,1868,NA,501,Berg,Karl Johan,NA,0,0,1819,1840,NA,0,0,0,0,0,0,0,2,4,1,0,0,0,0,0,0,3,0,0,0,0,0,0,0,0,0,0,0,0,1,0,0,1,0,0
227,97,Högsta domstolen,0,0,0,9999,NA,NA,1858,1882,NA,101,Leuhusen,Gustaf Wilhelm,NA,0,0,1812,NA,NA,0,0,0,0,0,0,0,0,0,1,2,0,0,0,0,0,0,0,0,0,0,0,0,0,0,0,0,0,0,0,0,0,0,0,0
228,96,Högsta domstolen,0,0,0,9999,NA,NA,1858,1876,NA,102,Cramér,Victor,NA,0,0,1813,NA,NA,0,0,0,0,0,0,0,0,2,1,0,0,0,0,0,0,0,0,0,0,0,0,0,0,0,0,0,0,0,1,0,0,0,0,0
229,95,Högsta domstolen,0,0,0,9999,NA,NA,1857,1880,NA,101,Södergren,Johan August,NA,0,0,1813,NA,NA,0,0,0,0,0,0,0,0,3,0,0,0,0,1,0,0,2,0,0,0,0,0,0,0,0,0,4,0,0,1,0,0,0,0,0
230,94,Högsta domstolen,0,0,0,9999,NA,NA,1856,1860,NA,501,Thyselius,Carl Johan,NA,0,0,1811,NA,UU,0,0,0,0,0,0,0,0,2,0,0,0,0,0,0,0,1,0,0,0,0,0,0,0,0,0,0,0,0,1,0,0,0,0,0
231,93,Högsta domstolen,0,0,0,9999,NA,NA,1855,1858,NA,102,Roy,John,NA,0,0,1802,NA,NA,0,0,0,0,0,0,0,0,0,1,2,0,0,0,0,0,0,0,0,0,0,0,0,0,0,0,0,0,0,0,0,0,0,0,0
232,92,Högsta domstolen,0,0,0,9999,NA,NA,1853,1875,NA,101,Quensel,Jacob Andreas Christofer,NA,0,0,1809,NA,NA,0,0,0,0,0,0,0,3,4,1,0,0,0,0,0,0,2,0,0,0,0,0,0,0,0,0,0,0,0,1,0,0,1,0,0
233,91,Högsta domstolen,0,0,0,9999,NA,NA,1852,1869,NA,102,Iggeström,Fredrik,NA,0,0,1804,NA,NA,0,0,0,0,0,0,0,0,3,1,0,0,0,0,0,0,2,0,0,0,0,0,0,0,0,0,0,0,0,1,0,0,0,0,0
234,90,Högsta domstolen,0,0,0,9999,NA,NA,1851,1856,NA,501,Günther,Claës Ephraim,NA,0,0,1799,NA,NA,0,0,0,0,0,0,2,0,0,1,0,0,0,0,0,0,3,0,0,0,0,0,0,4,0,0,0,0,0,0,0,1,1,0,0
235,89,Högsta domstolen,0,0,0,9999,NA,NA,1850,1863,NA,102,Gyllenhammar,Axel Fredrik,NA,0,0,1802,NA,NA,0,0,0,0,0,0,0,0,0,1,2,0,0,0,0,0,0,0,0,0,0,0,0,0,0,0,0,0,0,0,0,0,1,0,0
236,88,Högsta domstolen,0,0,0,9999,NA,NA,1848,1868,NA,101,Hoffstedt,Carl Gustaf,NA,0,0,1803,NA,UU,0,0,0,0,0,0,2,0,0,1,0,0,0,0,0,0,3,0,0,0,0,0,0,0,0,0,0,0,0,0,0,1,0,0,0
237,87,Högsta domstolen,0,0,0,9999,NA,NA,1847,1862,NA,101,Quiding,Peter,NA,0,0,1797,NA,NA,0,0,0,0,0,0,2,0,0,1,0,0,3,0,0,0,4,0,0,0,0,0,0,0,0,0,0,0,0,0,0,1,0,0,0
238,86,Högsta domstolen,0,0,0,9999,NA,NA,1847,1870,NA,101,Alexanderson,Adolf,NA,0,0,1800,NA,NA,0,0,0,0,0,0,0,2,0,1,0,0,0,0,0,0,3,0,0,0,0,0,0,0,0,4,0,0,0,1,0,0,1,0,0
239,85,Högsta domstolen,0,0,0,9999,NA,NA,1845,1858,NA,101,Schmidt,Carl Christian,NA,0,0,1792,NA,NA,0,0,0,0,0,0,0,0,0,1,0,0,2,0,0,0,0,0,0,0,0,0,0,0,0,0,0,0,0,0,0,0,1,0,0
240,84,Högsta domstolen,0,0,0,9999,NA,NA,1841,1848,NA,102,af Rolén,Johan Samuel,NA,0,0,1794,1807,UU,0,0,0,0,0,0,0,0,0,0,0,0,0,0,0,0,0,0,0,0,0,0,0,0,0,1,0,0,0,0,0,0,0,0,0
241,83,Högsta domstolen,0,0,0,9999,NA,NA,1840,1847,NA,501,Sparre,Gustaf Adolf Vive,NA,0,0,1802,1821,UU,0,0,0,0,0,0,0,0,0,4,3,0,0,0,0,0,0,0,0,0,0,5,0,2,0,1,0,0,0,0,0,0,0,0,0
242,82,Högsta domstolen,1,0,0,9999,NA,NA,1840,1840,NA,501,Posse,Arvid Mauritz,NA,0,0,1792,1808,LU,0,0,0,0,0,0,0,0,0,1,2,0,0,0,0,0,0,0,0,0,0,0,0,4,0,3,0,0,0,0,0,0,0,0,0
243,81,Högsta domstolen,0,0,0,9999,NA,NA,1840,1841,NA,501,Staël von Holstein,Otto Wilhelm,NA,0,0,1802,1820,UU,0,0,0,0,0,0,0,0,0,1,0,0,2,0,0,0,0,0,0,0,0,0,0,0,0,0,0,0,0,0,0,0,0,0,0
244,80,Högsta domstolen,0,0,0,9999,NA,NA,1836,1852,NA,102,Sparre,Carl Georg,NA,0,0,1790,NA,NA,0,0,0,0,0,0,0,0,0,1,2,0,0,0,0,0,0,0,0,0,0,0,0,0,3,0,0,0,0,0,0,0,0,0,0
245,79,Högsta domstolen,0,0,0,9999,NA,NA,1836,1857,NA,101,Snolisky,Nils,NA,0,0,1792,NA,NA,0,0,0,0,0,0,2,0,0,3,5,0,4,0,0,0,0,0,0,0,0,0,0,0,0,1,6,0,0,1,0,1,0,0,0
246,78,Högsta domstolen,0,0,0,9999,NA,NA,1834,1855,NA,101,Nordenstolpe,Anders Georg Magnus,NA,0,0,1789,NA,NA,0,0,0,0,0,0,0,0,0,0,0,0,0,0,0,0,1,0,0,0,0,0,0,0,0,0,0,0,0,0,0,0,0,0,0
247,77,Högsta domstolen,0,0,0,9999,NA,NA,1833,1858,NA,101,Backman,Johan Harder,NA,0,0,1790,1810,UU,0,0,0,0,0,0,0,0,0,1,0,0,0,0,0,0,2,0,0,0,0,0,0,0,0,0,0,0,0,0,0,0,0,0,0
248,76,Högsta domstolen,0,0,0,9999,NA,NA,1833,1859,NA,101,Engelhart,Carl Henric,NA,0,0,1794,NA,NA,0,0,0,0,0,0,0,0,0,0,0,0,0,0,0,0,1,0,0,0,0,0,0,0,0,0,0,0,0,0,0,0,0,0,0
249,75,Högsta domstolen,0,0,0,9999,NA,NA,1832,1834,NA,102,Lagerheim,Olof Johan,NA,0,0,1785,NA,NA,0,0,0,0,0,0,0,0,0,0,0,0,0,0,0,0,1,0,0,0,0,0,0,0,0,0,0,0,0,0,0,0,0,0,0
250,74,Högsta domstolen,0,0,0,9999,NA,NA,1831,1848,NA,101,Nyblaeus,Gustaf,NA,0,0,1783,NA,NA,0,0,0,0,0,0,0,0,0,0,0,0,1,0,0,0,0,0,0,0,0,0,0,0,0,0,0,0,0,0,0,0,0,0,0
251,73,Högsta domstolen,0,0,0,9999,NA,NA,1830,1840,NA,101,Von Lindecreutz,Justus Christopher,NA,0,0,1768,NA,NA,0,0,0,0,0,0,2,0,0,1,0,0,0,0,0,4,0,0,0,0,0,0,0,0,0,3,0,0,0,1,0,0,1,0,0
252,72,Högsta domstolen,1,0,0,9999,NA,NA,1829,1840,NA,101,Rosenblad,Mathias,NA,0,0,1758,1775,LU,0,0,0,0,0,0,0,0,0,0,0,0,0,0,0,0,1,0,0,0,2,0,3,4,0,0,0,0,5,0,0,0,0,1,1
253,71,Högsta domstolen,0,0,0,9999,NA,NA,1826,1852,NA,101,Bredberg,Erik Wilhelm,NA,0,0,1787,NA,NA,0,0,0,0,0,0,0,0,0,0,1,0,0,0,0,0,0,0,0,0,0,0,0,0,0,0,0,0,0,0,0,0,0,0,0
254,70,Högsta domstolen,0,0,0,9999,NA,NA,1826,1840,NA,501,Hård,Carl Gustaf,NA,0,0,1790,NA,NA,0,0,0,0,0,0,1,0,0,0,3,0,2,0,0,0,0,0,0,0,0,0,4,0,0,0,0,0,0,1,0,0,0,0,0
255,69,Högsta domstolen,0,0,0,9999,NA,NA,1826,1845,NA,321,Isberg,Carl Eric,NA,0,0,1791,NA,NA,0,0,0,0,0,0,0,0,0,0,0,0,0,0,0,0,1,0,0,0,0,0,0,0,0,0,0,0,0,0,0,0,0,0,0
256,68,Högsta domstolen,0,0,0,9999,NA,NA,1826,1851,NA,NA,Stråle,Nils Wilhelm,NA,0,0,1787,NA,NA,0,0,0,0,0,0,2,0,0,0,0,0,0,0,0,0,1,0,0,0,0,0,0,0,0,0,0,0,0,0,0,0,0,0,0
257,67,Högsta domstolen,0,0,0,9999,NA,NA,1825,1847,NA,102,Themptander,Sven,NA,0,0,1779,NA,NA,0,0,0,0,1,0,0,0,0,0,0,0,0,0,0,0,0,0,0,0,0,0,0,0,0,0,0,0,0,0,0,0,0,0,0
258,66,Högsta domstolen,0,0,0,9999,NA,NA,1825,1836,NA,321,von Rosén,Erik Gabriel,NA,0,0,1775,NA,UU,0,0,0,0,0,0,1,0,0,2,3,0,5,0,0,0,0,0,0,0,0,0,0,0,0,4,0,0,0,1,0,0,0,0,0
259,65,Högsta domstolen,0,0,0,9999,NA,NA,1824,1833,NA,321,Evelius,Jonas,NA,0,0,1776,NA,NA,0,0,0,0,0,0,0,0,0,0,0,0,0,0,0,0,0,0,0,0,0,0,0,0,0,1,0,0,0,0,0,0,0,0,0
260,64,Högsta domstolen,0,0,0,9999,NA,NA,1819,1825,NA,102,Mannerstam,Johan,NA,0,0,1785,NA,NA,0,0,0,0,0,0,0,0,0,0,1,0,0,0,0,0,0,0,0,0,0,0,0,0,0,0,0,0,0,0,0,0,0,0,0
261,63,Högsta domstolen,0,0,0,9999,NA,NA,1818,1831,NA,101,Örbom,Carl Johan,NA,0,0,1765,NA,NA,0,0,0,0,0,0,0,0,0,0,2,0,0,0,0,0,0,0,0,0,0,0,0,0,0,1,0,0,0,0,0,0,0,0,0
262,62,Högsta domstolen,0,0,0,9999,NA,NA,1818,1826,NA,321,Sylvander,Josua,NA,0,0,1769,NA,NA,0,0,0,0,0,0,0,0,0,0,1,0,0,0,0,0,0,0,0,0,0,0,0,0,2,0,0,0,0,0,0,0,1,0,0
263,61,Högsta domstolen,0,0,0,9999,NA,NA,1817,1830,NA,NA,Strömfelt,Hans Fredrik Harald,NA,0,0,1779,1796,NA,0,0,0,0,0,0,0,0,0,1,2,0,3,0,0,0,0,0,0,0,0,0,4,0,0,0,0,0,0,0,0,0,0,0,0
264,60,Högsta domstolen,0,0,0,9999,NA,NA,1817,1817,NA,NA,Ekorn,Pehr Adolf,NA,0,0,1758,NA,UU,0,0,0,0,0,0,0,0,0,1,2,0,0,0,0,0,0,0,0,0,0,0,0,0,3,0,0,0,0,0,0,0,0,0,0
265,59,Högsta domstolen,0,0,0,9999,NA,NA,1814,1833,NA,101,Peterson,Johan Henrik,NA,0,0,1768,NA,NA,0,0,0,0,0,0,0,0,0,0,0,0,1,0,0,0,0,0,0,0,0,0,0,0,0,2,0,0,0,0,0,0,0,0,0
266,58,Högsta domstolen,0,0,0,9999,NA,NA,1812,1826,NA,102,Noréus,Samuel,NA,0,0,1775,NA,NA,0,0,0,0,0,0,0,0,0,0,0,0,0,0,0,0,1,0,0,0,0,0,0,0,0,0,0,0,0,0,0,0,0,0,0
267,57,Högsta domstolen,0,0,0,9999,NA,NA,1810,1832,NA,322,Kurck,Clas Arvid,NA,0,0,1769,NA,NA,0,0,0,0,0,0,0,0,0,1,0,0,0,0,0,0,0,0,0,0,0,0,0,0,0,0,0,0,0,0,0,0,0,0,0
268,56,Högsta domstolen,0,0,0,9999,NA,NA,1810,1817,NA,102,Von Würtenberg,Nils Wilhelm Marks,NA,0,0,1743,1762,UU,0,0,0,0,0,0,0,0,0,0,0,0,0,0,0,0,1,0,0,0,0,0,0,2,0,3,0,0,0,0,0,0,1,0,0
269,55,Högsta domstolen,0,0,0,9999,NA,NA,1809,1826,NA,405,Hamilton,Gustaf Wathier,NA,0,0,1783,1801,NA,0,0,0,0,0,0,0,0,0,1,0,0,0,0,0,0,0,0,0,0,2,0,0,0,0,0,0,0,0,0,0,0,0,0,0
270,54,Högsta domstolen,0,0,0,9999,NA,NA,1809,1825,NA,102,Torén,Magnus,NA,0,0,1770,NA,NA,0,0,0,0,0,0,0,0,0,1,0,0,0,0,0,0,0,0,0,0,0,0,0,0,0,0,0,0,0,0,0,0,0,0,0
271,53,Högsta domstolen,0,0,0,9999,NA,NA,1809,1824,NA,NA,Blom,Isac Reinhold,NA,0,0,1762,NA,UU,0,0,0,0,0,0,0,0,0,1,3,0,0,0,0,0,0,0,0,0,0,0,4,0,0,2,0,0,0,0,0,0,0,0,0
272,52,Högsta domstolen,0,0,0,9999,NA,NA,1809,1826,NA,403,Poppius,Gabriel,NA,0,0,1769,1792,ÅU,0,1,1,0,0,0,0,0,0,0,2,0,0,0,0,0,3,0,0,0,0,0,0,0,0,0,0,0,0,0,0,0,1,0,0
273,51,Högsta domstolen,0,0,0,9999,NA,NA,1809,1814,NA,102,Liljevalch,Olof Theodor,NA,0,0,1771,NA,NA,0,0,0,0,0,0,0,0,0,0,0,0,0,0,0,0,1,0,0,0,0,0,0,0,0,0,0,0,0,0,0,0,0,0,0
274,50,Högsta domstolen,0,0,0,9999,NA,NA,1809,1817,NA,101,Nibelius (Palmsvärd),Jan Eric,NA,0,0,1745,NA,NA,0,0,0,0,0,0,0,0,0,1,0,0,0,0,0,0,0,0,0,0,0,0,0,0,0,2,0,0,0,0,0,0,0,0,0
275,49,Högsta domstolen,0,0,0,9999,NA,NA,1809,1809,NA,401,af Klinteberg,Wilhelm,NA,0,0,1759,1778,LU,0,0,0,0,0,0,0,0,0,1,2,0,0,0,0,0,0,0,0,0,0,0,3,0,0,0,0,0,0,0,0,0,0,0,0
276,48,Högsta domstolen,0,0,0,9999,NA,NA,1809,1810,NA,301,Gyllenborg,Fredrik,NA,0,0,1767,NA,UU,0,0,0,0,0,0,0,0,0,1,0,0,0,0,0,0,2,0,0,0,0,0,0,0,0,0,3,0,0,0,0,0,1,0,0
277,47,Högsta domstolen,0,0,0,9999,NA,NA,1809,1812,NA,403,Lagerheim,Olof Elias,NA,0,0,1741,NA,NA,0,0,0,0,0,0,0,0,0,1,0,0,0,0,0,0,0,0,0,0,0,0,0,3,0,2,0,0,0,0,0,0,1,0,0
278,46,Högsta domstolen,0,0,0,9999,NA,NA,1808,1809,NA,103,Lundeberg,Anders Lorentz,NA,0,0,1743,NA,NA,0,0,0,0,0,0,0,0,0,0,0,0,0,0,0,0,0,0,0,0,0,0,0,0,0,1,0,0,0,0,0,0,0,0,0
279,45,Högsta domstolen,0,0,0,9999,NA,NA,1807,1810,NA,321,von Strokirch,Henning Adolf,NA,0,0,1757,NA,NA,0,0,0,0,0,0,0,0,0,0,1,0,0,0,0,0,0,0,0,0,0,0,0,0,0,0,0,0,0,0,0,0,0,0,0
280,44,Högsta domstolen,0,0,0,9999,NA,NA,1806,1817,NA,102,Iserhielm,Carl Johan,NA,0,0,1761,NA,NA,0,0,0,0,0,0,0,0,0,0,0,0,0,0,0,0,1,0,0,0,0,0,0,0,0,0,0,0,0,0,0,0,0,0,0
281,43,Högsta domstolen,0,0,0,9999,NA,NA,1805,1809,NA,322,Bergenhem,Erik Johan,NA,0,0,1759,NA,NA,0,0,0,0,0,0,0,0,0,0,0,0,1,0,0,0,0,0,0,0,0,0,0,0,0,0,0,0,0,0,0,0,0,0,0
282,42,Högsta domstolen,0,0,0,9999,NA,NA,1803,1818,NA,101,Ziervogel,Carl,NA,0,0,1740,NA,NA,0,0,0,0,0,0,0,0,0,0,0,0,1,0,0,0,0,0,0,0,0,0,0,0,0,0,0,0,0,0,0,0,0,0,0
283,41,Högsta domstolen,0,0,0,9999,NA,NA,1803,1809,NA,103,Sebenius,Samuel,NA,0,0,1743,NA,NA,0,0,0,0,0,0,0,0,0,0,2,0,0,0,0,0,0,0,0,0,0,0,0,0,0,1,0,0,0,0,0,0,0,0,0
284,40,Högsta domstolen,0,0,0,9999,NA,NA,1803,1808,NA,102,Georgii,Evert,NA,0,0,1759,1781,UU,0,0,0,0,0,0,0,0,0,1,0,0,3,0,0,0,0,0,0,0,0,0,0,0,4,2,0,0,0,0,0,0,0,0,0
285,39,Högsta domstolen,0,0,0,9999,NA,NA,1800,1803,NA,103,Jusleen,Fredrik,NA,0,0,1750,NA,NA,0,0,0,0,0,0,0,0,0,0,0,0,1,0,0,0,0,0,0,0,0,0,0,0,0,0,0,0,0,0,0,0,0,0,0
286,38,Högsta domstolen,0,0,0,9999,NA,NA,1800,1809,NA,103,Walleen,Erik,NA,0,0,1734,NA,NA,0,0,0,0,0,0,0,0,0,0,0,0,1,0,0,0,0,0,0,0,0,0,0,0,0,0,0,0,0,0,0,0,0,0,0
287,37,Högsta domstolen,0,0,0,9999,NA,NA,1800,1806,NA,103,Tandefeldt,Adolf,NA,0,0,1747,1763,NA,0,0,0,0,0,0,0,0,0,1,0,0,0,0,0,0,0,0,0,0,0,0,3,0,4,2,0,0,0,0,0,0,0,0,0
288,36,Högsta domstolen,0,0,0,9999,NA,NA,1800,1809,NA,103,Gyllenborg,Carl Johan,NA,0,0,1741,NA,NA,0,0,0,0,0,0,1,0,0,0,0,0,5,0,0,4,0,0,0,0,0,0,0,0,3,2,0,0,0,0,0,1,0,0,0
289,35,Högsta domstolen,0,0,0,9999,NA,NA,1796,1803,NA,103,Norell,Carl Johan,NA,0,0,1729,NA,NA,0,0,0,0,0,0,0,0,0,0,0,0,1,0,0,0,0,0,0,0,0,0,0,0,0,0,0,0,0,0,0,0,1,0,0
290,34,Högsta domstolen,0,0,0,9999,NA,NA,1796,1800,NA,103,Posse,Gustaf Mauritz,NA,0,0,1737,1810,NA,0,0,0,0,0,0,0,0,0,1,0,0,2,0,0,0,0,0,0,0,0,0,0,0,3,0,0,0,0,0,0,0,0,0,0
291,33,Högsta domstolen,0,0,0,9999,NA,NA,1796,1800,NA,103,Hallenborg,Carl Arvid,NA,0,0,1737,NA,NA,0,0,0,0,0,0,0,0,0,0,0,0,1,0,0,0,0,0,0,0,0,0,0,0,0,0,0,0,0,0,0,0,0,0,0
292,32,Högsta domstolen,0,0,0,9999,NA,NA,1796,1809,NA,103,Ridderstolpe,Fredrik Wilhelm,NA,0,0,1730,NA,NA,0,0,0,0,0,0,0,0,0,0,0,0,0,0,0,0,0,0,0,0,0,0,0,1,0,2,0,0,0,0,0,0,0,0,0
293,31,Högsta domstolen,0,0,0,9999,NA,NA,1795,1799,NA,103,Smaleen,Johan,NA,0,0,1752,NA,NA,0,0,0,0,0,0,0,0,0,0,1,0,0,0,0,0,0,0,0,0,0,0,0,0,0,0,0,0,0,0,0,0,0,0,0
294,30,Högsta domstolen,0,0,0,9999,NA,NA,1795,1796,NA,103,von Ehrenheim,Johan Ludvig,NA,0,0,1748,NA,NA,0,0,0,0,0,0,0,0,0,0,0,0,1,0,0,0,0,0,0,0,0,0,0,0,0,0,0,0,0,0,0,0,0,0,0
295,29,Högsta domstolen,0,0,0,9999,NA,NA,1794,1796,NA,103,Von Ackern,Carl Henrik,NA,0,0,1749,NA,NA,0,0,0,0,0,0,0,0,0,0,1,0,0,0,0,0,0,0,0,0,0,0,0,0,0,0,0,0,0,0,0,0,0,0,0
296,28,Högsta domstolen,0,0,0,9999,NA,NA,1794,1796,NA,103,Lönnrot,Erik Magnus,NA,0,0,1754,NA,NA,0,0,0,0,0,0,0,0,0,1,0,0,0,0,0,0,0,0,0,0,0,0,0,0,0,0,0,0,0,0,0,0,0,0,0
297,27,Högsta domstolen,0,0,0,9999,NA,NA,1794,1795,NA,103,Taube,Evert Fredrik,NA,0,0,1759,NA,NA,0,0,0,0,0,0,0,0,0,0,0,0,1,0,0,0,0,0,0,0,0,0,0,0,0,0,0,0,0,0,0,0,0,0,0
298,26,Högsta domstolen,0,0,0,9999,NA,NA,1793,1800,NA,103,Calonius,Mathias,NA,0,0,1738,1762,ÅU,0,0,0,0,1,0,0,0,0,0,0,0,0,0,0,0,0,0,0,0,0,0,0,0,0,0,0,0,0,0,0,0,0,0,0
299,25,Högsta domstolen,0,0,0,9999,NA,NA,1793,1800,NA,103,Wåhlin,Anders,NA,0,0,1745,NA,NA,0,0,0,0,0,0,0,0,0,1,0,0,0,0,0,0,0,0,0,0,0,0,0,0,0,0,0,0,0,0,0,0,0,0,0
300,24,Högsta domstolen,0,0,0,9999,NA,NA,1793,1794,NA,103,Herlin,Johan Wilhelm,NA,0,0,1738,NA,NA,0,0,0,0,0,0,0,0,0,1,0,0,0,0,0,0,0,0,0,0,0,0,0,0,0,0,0,0,0,0,0,0,0,0,0
301,23,Högsta domstolen,0,0,0,9999,NA,NA,1793,1803,NA,103,Widegren,Carl Fredik,NA,0,0,1736,NA,NA,0,0,0,0,0,0,0,0,0,0,1,0,0,0,0,0,0,0,0,0,0,0,0,0,0,0,0,0,0,0,0,0,0,0,0
302,22,Högsta domstolen,0,0,0,9999,NA,NA,1793,1794,NA,103,af Zellén,Nils,NA,0,0,1724,1740,UU,0,0,0,1,0,0,0,0,0,0,0,0,2,0,0,0,0,0,0,0,0,0,0,0,0,0,0,0,0,0,0,0,0,0,0
303,21,Högsta domstolen,0,0,0,9999,NA,NA,1793,1796,NA,103,Hisinger,Carl,NA,0,0,1738,NA,NA,0,0,0,0,0,0,0,0,0,0,0,0,1,0,0,0,0,0,0,0,0,0,0,0,0,0,0,0,0,0,0,0,0,0,0
304,20,Högsta domstolen,0,0,0,9999,NA,NA,1793,1796,NA,103,Reuterholm,Axel Christian,NA,0,0,1753,NA,NA,0,0,0,0,0,0,0,0,0,1,2,0,0,0,0,0,0,0,0,0,0,0,0,0,3,0,0,0,0,0,0,0,0,0,0
305,19,Högsta domstolen,0,0,0,9999,NA,NA,1793,1794,NA,103,Gyllenstierna,Axel Erik,NA,0,0,1747,NA,NA,0,0,0,0,0,0,1,0,0,0,2,0,0,0,0,0,0,0,0,0,0,0,0,0,3,0,0,0,0,0,0,1,0,0,0
306,18,Högsta domstolen,0,0,0,9999,NA,NA,1792,1796,NA,103,von Böhnen,Casper Ludvig,NA,0,0,1729,NA,NA,0,0,0,0,0,0,0,0,0,0,0,0,1,0,0,0,0,0,0,0,0,0,0,0,0,0,0,0,0,0,0,0,0,0,0
307,17,Högsta domstolen,0,0,0,9999,NA,NA,1792,1801,NA,103,Kurck,Arvid Fredrik,NA,0,0,1735,1751,UU,0,0,0,0,0,0,0,0,0,1,0,0,4,0,0,0,3,0,0,0,0,0,0,0,0,2,0,0,0,0,0,0,0,0,0
308,16,Högsta domstolen,0,0,0,9999,NA,NA,1791,1793,NA,103,Wallin,Anders,NA,0,0,1742,NA,NA,0,0,0,0,0,0,0,0,0,0,1,0,0,0,0,0,0,0,0,0,0,0,0,0,0,0,0,0,0,0,0,0,0,0,0
309,15,Högsta domstolen,0,0,0,9999,NA,NA,1791,1792,NA,103,Låstbom,Herman,NA,0,0,1742,NA,NA,0,0,0,0,0,0,0,0,0,0,0,0,0,0,0,3,1,0,0,0,0,0,0,0,0,0,2,0,0,0,0,0,0,0,0
310,14,Högsta domstolen,0,0,0,9999,NA,NA,1791,1793,NA,103,Oxenstierna,Axel Fredrik,NA,0,0,1753,NA,NA,0,0,0,0,0,0,0,0,0,0,1,0,0,0,0,0,0,0,0,0,0,0,0,0,0,0,0,0,0,0,0,0,0,0,0
311,13,Högsta domstolen,0,0,0,9999,NA,NA,1791,1793,NA,103,Stockenberg,Jonas,NA,0,0,1744,NA,NA,0,0,0,0,0,0,0,0,0,0,1,0,0,0,0,0,0,0,0,0,0,0,0,0,0,0,0,0,0,0,0,0,0,0,0
312,12,Högsta domstolen,0,0,0,9999,NA,1789-05-15,1789,1793,NA,103,Juslén,Per,NA,0,0,1738,1757,ÅU,0,0,0,0,0,0,0,0,0,1,0,0,0,0,0,0,2,0,0,0,0,0,0,0,0,0,0,0,0,0,0,0,0,0,0
313,11,Högsta domstolen,0,0,0,9999,NA,1789-05-15,1789,1791,NA,103,Ahnger,Carl Johan,NA,0,0,1740,NA,NA,0,0,0,0,0,0,0,0,0,0,1,0,0,0,0,0,0,0,0,0,0,0,0,0,0,0,0,0,0,0,0,0,0,0,0
314,10,Högsta domstolen,0,0,0,9999,NA,1789-05-15,1789,1793,NA,103,Ullner,Carl,NA,0,0,1738,NA,NA,0,0,0,0,0,0,0,0,0,1,2,0,0,0,0,0,0,0,0,0,0,0,3,0,0,0,0,0,0,0,0,0,0,0,0
315,9,Högsta domstolen,0,0,0,9999,NA,1789-05-15,1789,1791,NA,103,Hoffgardh,Christer,NA,0,0,1745,NA,NA,0,0,0,0,0,0,0,0,0,0,1,0,0,0,0,0,0,0,0,0,0,0,0,0,0,0,0,0,0,0,0,0,0,0,0
316,8,Högsta domstolen,0,0,0,9999,NA,1789-05-15,1789,1793,NA,103,Rogberg,Johan,NA,0,0,1747,NA,NA,0,0,0,0,0,0,0,0,0,1,3,0,0,0,0,4,0,0,0,0,0,3,0,0,0,2,0,0,0,0,0,0,0,0,0
317,7,Högsta domstolen,0,0,0,9999,NA,1789-05-15,1789,1803,NA,103,Evelius,Johan,NA,0,0,1733,NA,NA,0,0,0,0,0,0,0,0,0,1,0,0,2,0,0,0,0,0,0,0,0,0,0,0,0,3,0,0,0,0,0,0,0,0,0
318,6,Högsta domstolen,0,0,0,9999,NA,1789-05-15,1789,1792,NA,103,von Köhler,Axel Johan,NA,0,0,1746,NA,NA,0,0,0,0,0,0,0,0,0,1,0,0,0,0,0,0,2,0,0,0,0,0,0,0,0,0,0,0,0,0,0,0,0,0,0
319,5,Högsta domstolen,0,0,0,9999,NA,1789-05-15,1789,1793,NA,103,Malmerfeldt,Olof,NA,0,0,1733,NA,NA,0,0,0,0,0,0,0,0,0,0,2,0,0,0,0,0,1,0,0,0,0,0,0,0,0,0,0,0,0,0,0,0,0,0,0
320,4,Högsta domstolen,0,0,0,9999,NA,1789-05-15,1789,1790,NA,103,von Düben,Carl Wilhelm,NA,0,0,1724,NA,UU,0,0,0,0,0,0,1,0,2,0,0,3,0,0,0,0,0,0,0,0,0,0,0,0,0,0,0,0,0,0,0,1,1,0,0
321,3,Högsta domstolen,0,0,0,9999,NA,1789-05-15,1789,1791,NA,103,Bonde,Carl,NA,0,0,1741,NA,UU,0,0,0,0,0,0,1,0,0,0,0,0,3,0,0,0,0,0,0,0,0,0,0,4,0,0,0,0,2,0,0,1,0,0,0
322,2,Högsta domstolen,0,0,0,9999,NA,1789-05-15,1789,1792,1792-04-16,103,Sparre,Fredrik,NA,0,0,1731,NA,NA,0,0,0,0,0,0,1,0,2,0,0,0,0,0,0,0,0,0,0,0,0,0,0,3,0,0,0,0,0,0,0,0,0,0,0
537,1,Högsta domstolen,1,0,0,9999,NA,NA,1809,1810,NA,102,Wachtmeister,Carl Axel,NA,1,0,1754,1771,LU,0,0,0,0,0,0,0,0,0,1,0,0,4,0,0,5,2,0,0,0,0,0,0,0,0,0,3,0,0,0,0,0,0,0,0
324,273,Högsta domstolen,0,0,0,647,Palme IV,1983-08-01,1988,1994,NA,101,Gad,Ulf,NA,1,0,1927,1953,UU,0,0,0,0,0,2,0,0,0,1,0,0,4,0,0,3,0,0,0,0,0,0,0,0,0,0,0,0,0,1,0,0,1,0,0
325,268,Högsta domstolen,0,0,0,587,Ullsten,1979-06-28,1987,1994,NA,406,Sterzel,Fredrik,NA,1,0,1934,1954,SU,2,1,1,4,0,0,0,0,5,0,0,6,7,0,0,0,0,0,3,0,7,0,0,0,0,0,0,0,0,0,0,0,0,1,1
326,256,Högsta domstolen,0,0,0,577,Palme II,1973-06-29,1986,1987,NA,401,Stark,Hans,NA,1,0,1931,1955,SU,0,0,0,0,0,0,0,2,3,1,0,0,0,0,0,0,0,0,0,0,0,0,0,0,0,0,0,0,0,1,0,0,0,0,0
327,239,Högsta domstolen,0,0,0,424,Erlander VIII,1963-06-05,1974,1979,NA,301,Hult,Bengt,NA,1,0,1917,1936,SU,0,0,0,0,0,2,0,3,0,1,0,0,4,0,0,0,0,0,0,0,4,0,0,0,0,0,0,0,0,1,0,0,0,0,0
328,240,Högsta domstolen,0,0,0,424,Erlander VIII,1963-12-30,1980,1984,NA,101,Westerlind,Peter,NA,1,0,1917,1941,SU,0,0,0,0,0,3,0,0,0,1,0,0,4,0,0,0,0,0,0,0,0,0,0,0,0,2,0,0,0,1,0,1,1,0,0
329,215,Högsta domstolen,0,0,0,628,Erlander I,1948-05-21,1967,1975,NA,101,Sjöwall,Jochum,NA,1,0,1908,1931,SU,0,0,0,0,0,0,0,0,0,0,0,0,0,0,0,0,0,0,1,0,0,0,0,0,0,0,0,0,0,0,0,0,1,0,0
330,193,Högsta domstolen,0,0,0,1184,Ekman II,1931-05-29,1935,1943,NA,602,Sandström,Emil,NA,1,0,1886,NA,UU,0,0,0,0,0,0,0,0,0,1,0,0,0,0,0,0,0,0,0,0,0,0,0,0,0,0,0,0,0,0,0,0,0,0,0
331,182,Högsta domstolen,1,0,0,1187,Sandler,1926-01-26,1948,1948,NA,101,Stenbeck,Einar,NA,2,0,1881,1905,UU,0,0,0,0,0,0,0,0,0,1,0,0,2,0,0,0,3,0,0,0,0,0,0,0,0,0,0,0,4,0,0,0,0,0,0
332,157,Högsta domstolen,0,0,0,9999,NA,NA,1909,1929,NA,102,Thomasson,Åke,NA,1,0,1863,1887,LU,0,0,0,0,0,0,0,0,0,1,0,0,0,0,0,0,2,0,0,0,0,0,0,0,0,0,0,0,0,0,0,0,1,0,0
333,156,Högsta domstolen,0,0,0,1371,Hammarskjold II,1917-01-13,1917,1932,NA,101,Borgström,Axel,NA,1,0,1862,1884,LU,0,0,0,0,0,0,0,0,0,1,0,0,2,0,0,0,0,0,0,0,0,0,0,0,0,0,0,0,0,0,0,1,0,0,0
334,153,Högsta domstolen,0,0,0,1371,Hammarskjold II,NA,1915,1916,NA,405,Hederstierna,Carl,NA,1,0,1861,1886,NA,0,0,0,0,0,0,0,0,2,1,0,0,0,0,0,0,0,0,0,0,0,0,0,0,0,0,0,0,0,0,0,1,0,0,0
335,139,Högsta domstolen,0,0,0,9999,NA,NA,1905,1906,NA,501,Peterson,Albert,NA,1,0,1851,NA,LU,0,0,0,0,0,0,0,0,3,1,0,0,0,0,0,0,2,0,0,0,0,0,0,0,0,0,0,0,0,0,0,0,0,0,0
336,137,Högsta domstolen,0,0,0,9999,NA,NA,1902,1910,NA,102,Claëson,Nils,NA,1,0,1848,1883,UU,0,0,0,0,0,0,0,0,3,1,0,0,0,0,0,0,2,0,0,0,0,0,0,0,0,0,4,0,0,0,0,1,0,0,0
337,99,Högsta domstolen,0,0,0,9999,NA,NA,1880,1883,NA,101,Almqvist,Ludvig Theodor,NA,2,0,1818,NA,UU,0,0,0,0,0,0,0,0,0,1,3,0,0,0,0,0,2,0,0,0,0,0,0,5,0,0,4,0,0,0,0,0,0,0,0
338,100,Högsta domstolen,0,0,0,9999,NA,NA,1875,1884,NA,102,Carleson,Edvard,NA,1,0,1820,NA,UU,0,0,0,0,0,0,0,0,2,1,0,0,0,0,0,0,0,0,0,0,0,0,0,0,0,0,0,0,0,1,0,0,0,0,0
339,90,Högsta domstolen,0,0,0,9999,NA,NA,1858,1861,NA,102,Günther,Claës Ephraim,NA,1,0,1799,NA,NA,0,0,0,0,0,0,2,0,0,1,0,0,0,0,0,0,3,0,0,0,0,0,0,4,0,0,0,0,0,0,0,1,1,0,0
340,81,Högsta domstolen,0,0,0,9999,NA,NA,1848,1850,NA,403,Staël von Holstein,Otto Wilhelm,NA,1,0,1802,1820,UU,0,0,0,0,0,0,0,0,0,1,0,0,2,0,0,0,0,0,0,0,0,0,0,0,0,0,0,0,0,0,0,0,0,0,0
341,25,Högsta domstolen,0,0,0,9999,NA,NA,1809,1809,NA,102,Wåhlin,Anders,NA,1,0,1745,NA,NA,0,0,0,0,0,0,0,0,0,1,0,0,0,0,0,0,0,0,0,0,0,0,0,0,0,0,0,0,0,0,0,0,0,0,0
342,6,Högsta domstolen,0,0,0,9999,NA,NA,1796,1806,NA,103,von Köhler,Axel Johan,NA,1,0,1746,NA,NA,0,0,0,0,0,0,0,0,0,1,0,0,0,0,0,0,2,0,0,0,0,0,0,0,0,0,0,0,0,0,0,0,0,0,0
343,13,Högsta domstolen,0,0,0,9999,NA,NA,1799,1807,NA,103,Stockenberg,Jonas,NA,1,0,1744,NA,NA,0,0,0,0,0,0,0,0,0,0,1,0,0,0,0,0,0,0,0,0,0,0,0,0,0,0,0,0,0,0,0,0,0,0,0
344,15,Högsta domstolen,0,0,0,9999,NA,NA,1802,1809,NA,103,Låstbom,Herman,NA,1,0,1742,NA,NA,0,0,0,0,0,0,0,0,0,0,0,0,0,0,0,3,1,0,0,0,0,0,0,0,0,0,2,0,0,0,0,0,0,0,0
345,324,Högsta domstolen,0,0,40-2019,1590,Lofven III,2019-09-19,2020,0,NA,999,Danelius,Johan,NA,0,0,1968,1993,SU,0,0,0,0,0,4,0,6,7,3,0,0,0,0,0,0,1,2,5,0,0,0,0,0,0,0,0,0,0,1,0,0,1,0,0
346,315,Högsta domstolen,0,0,86-2012,854,Reinfeldt II,2013-04-18,2013,2018,NA,301,Eka,Anders,NA,0,0,1961,1987,UU,0,0,0,0,0,2,0,0,6,1,5,0,3,0,0,0,0,0,0,0,0,0,0,0,0,4,0,0,0,1,0,0,0,1,1
347,304,Högsta domstolen,0,1,10-2015,1149,Lofven I,2015-12-17,2016,2025,NA,11,Toijer,Gudmund,NA,1,0,1956,1981,SU,0,0,0,0,0,2,3,0,4,1,0,0,5,0,0,0,0,0,0,0,0,0,0,0,0,0,0,0,0,1,0,1,1,1,1
348,305,Högsta domstolen,0,1,5-2011,854,Reinfeldt II,2011-06-30,2011,2016,NA,301,Lindskog,Stefan,NA,1,0,1951,1974,LU,0,2,2,3,0,0,0,0,0,0,0,0,0,0,0,0,0,0,1,0,0,0,0,0,0,0,0,0,0,0,0,0,0,0,0
350,305,Högsta domstolen,1,0,26-2015,1149,Lofven I,2015-09-24,2016,2018,NA,101,Lindskog,Stefan,NA,2,0,1951,1974,LU,0,2,2,3,0,0,0,0,0,0,0,0,0,0,0,0,0,0,1,0,0,0,0,0,0,0,0,0,0,0,0,0,0,0,0
352,296,Högsta domstolen,1,0,0,475,Reinfeldt I,2010-01-14,2010,2016,NA,301,Lundius,Marianne,NA,1,1,1949,1976,LU,0,0,0,0,0,0,0,0,0,0,0,0,0,0,0,0,0,1,2,0,0,0,0,0,0,0,0,0,0,0,0,0,0,0,0
353,284,Högsta domstolen,0,1,0,641,Persson III,NA,2004,2007,NA,301,Munck,Johan,NA,1,0,1943,1966,LU,0,0,0,0,0,2,0,3,4,1,0,0,5,0,0,0,0,0,0,0,0,0,0,0,0,0,0,0,0,1,0,0,0,1,1
354,284,Högsta domstolen,1,0,0,475,Reinfeldt I,NA,2007,2010,NA,101,Munck,Johan,NA,2,0,1943,1966,LU,0,0,0,0,0,2,0,3,4,1,0,0,5,0,0,0,0,0,0,0,0,0,0,0,0,0,0,0,0,1,0,0,0,1,1
355,282,Högsta domstolen,1,0,0,503,Persson II,2002-10-17,2002,2007,NA,101,Svensson,Bo,NA,1,0,1940,1963,LU,0,0,0,0,0,2,0,3,0,1,0,0,0,0,0,0,0,0,0,0,0,0,0,0,0,4,0,0,0,1,0,1,1,0,0
356,194,Högsta domstolen,1,0,0,1184,Ekman II,1932-06-03,1948,1952,NA,101,Afzelius,Axel,NA,1,0,1885,1908,UU,0,0,0,0,0,0,0,0,0,1,0,0,2,0,0,3,0,0,0,0,0,0,0,0,0,0,0,0,0,0,0,0,0,0,0
357,182,Högsta domstolen,0,0,0,1187,Sandler,1926-01-26,1941,1948,NA,101,Stenbeck,Einar,NA,1,0,1881,1905,UU,0,0,0,0,0,0,0,0,0,1,0,0,2,0,0,0,3,0,0,0,0,0,0,0,0,0,0,0,4,0,0,0,0,0,0
359,234,Högsta domstolen,0,1,0,208,Erlander VII,1960-02-26,1977,1979,NA,101,Alexanderson,Bertil,NA,1,0,1912,1935,SU,0,0,0,0,0,0,2,0,0,1,0,0,3,0,0,0,0,0,0,0,0,0,0,0,0,0,0,0,0,1,0,0,1,0,0
360,99,Högsta domstolen,0,0,0,9999,NA,NA,1870,1879,NA,501,Almqvist,Ludvig Theodor,NA,1,0,1818,NA,UU,0,0,0,0,0,0,0,0,0,1,3,0,0,0,0,0,2,0,0,0,0,0,0,5,0,0,4,0,0,0,0,0,0,0,0
362,214,Högsta domstolen,0,0,0,628,Erlander I,1947-10-17,1947,1961,NA,301,Beckman,Nils,NA,0,0,1902,1923,SU,0,0,0,0,0,2,0,0,0,1,0,0,3,0,0,0,0,0,0,0,0,0,0,0,0,4,5,0,0,0,0,1,1,0,0
364,214,Högsta domstolen,0,1,0,628,Erlander I,1947-10-17,1961,1963,NA,301,Beckman,Nils,NA,1,0,1902,1923,SU,0,0,0,0,0,2,0,0,0,1,0,0,3,0,0,0,0,0,0,0,0,0,0,0,0,4,5,0,0,0,0,1,1,0,0
365,48,Högsta domstolen,1,0,0,9999,NA,NA,1810,1829,NA,102,Gyllenborg,Fredrik,NA,1,0,1767,NA,UU,0,0,0,0,0,0,0,0,0,1,0,0,0,0,0,0,2,0,0,0,0,0,0,0,0,0,3,0,0,0,0,0,1,0,0
366,197,Högsta domstolen,0,1,0,1183,Hansson I,1933-06-09,1948,1950,NA,321,Guldberg,Harry,NA,1,0,1890,1914,UU,0,0,0,0,0,1,0,0,0,2,0,0,3,0,0,0,4,0,0,0,0,0,0,0,0,0,0,0,0,1,0,0,1,0,0
367,145,Högsta domstolen,0,0,0,9999,NA,NA,1898,1901,NA,501,Westring,Hjalmar,NA,0,0,1857,1881,UU,0,0,0,0,0,0,0,0,2,1,0,0,0,0,0,0,2,0,0,0,0,0,0,0,0,0,0,0,0,0,0,1,1,0,0
368,144,Högsta domstolen,0,0,0,9999,NA,1898-04-15,1898,1902,1902-06-05,501,Ramstedt,Johan Olof,NA,0,0,1852,1873,UU,0,0,0,0,0,0,0,0,3,1,0,0,0,0,0,0,2,0,0,0,0,0,0,0,0,0,0,0,0,1,0,0,1,0,0
369,204,Högsta domstolen,0,1,0,1178,Hansson II,1938-12-09,1955,1957,NA,101,Santesson,Per,NA,1,0,1892,1917,SU,0,0,0,0,0,3,0,5,0,1,0,0,6,0,0,0,4,0,0,0,0,2,0,0,0,0,0,0,0,1,0,1,1,0,0
370,199,Högsta domstolen,1,0,0,1183,Hansson I,1935-05-10,1952,1958,NA,101,Gyllenswärd,Ragnar,NA,1,0,1891,1916,NA,0,0,0,0,0,0,0,0,0,1,0,0,2,0,0,0,3,0,0,0,4,0,0,3,0,0,5,0,0,1,0,0,1,0,0
371,208,Högsta domstolen,1,0,0,1180,Hansson IV,1943-04-16,1958,1963,NA,101,Hellquist,Carl Gustaf,NA,1,0,1896,1922,NA,0,0,0,0,0,0,0,2,5,1,0,0,3,0,0,0,4,0,0,0,5,0,0,0,0,0,0,0,0,1,0,0,0,0,0
372,220,Högsta domstolen,1,0,0,219,Palme I,1969-10-17,1969,1973,NA,101,Romanus,Sven,NA,2,0,1906,1929,SU,0,0,0,0,0,2,0,3,0,1,0,0,4,0,0,6,0,0,0,0,0,0,0,0,0,0,5,0,0,1,0,0,0,1,1
373,224,Högsta domstolen,1,0,0,781,Erlander IV,1953-06-05,1973,1975,NA,101,Edling,Sven,NA,1,0,1908,1931,LU,0,0,0,0,0,2,0,3,0,1,0,0,4,0,0,0,0,0,0,0,5,0,0,0,0,0,0,0,0,1,0,0,0,1,1
374,230,Högsta domstolen,1,0,0,207,Erlander V,1957-09-20,1975,1979,NA,101,Petrén,Otto,NA,1,0,1912,1935,LU,0,0,0,0,0,2,0,3,0,1,0,0,4,0,0,0,0,0,0,0,0,0,0,0,0,0,0,0,0,1,0,0,0,0,0
375,239,Högsta domstolen,1,0,0,424,Erlander VIII,1963-06-05,1979,1984,NA,101,Hult,Bengt,NA,2,0,1917,1936,SU,0,0,0,0,0,2,0,3,0,1,0,0,4,0,0,0,0,0,0,0,4,0,0,0,0,0,0,0,0,1,0,0,0,0,0
376,243,Högsta domstolen,1,0,0,506,Erlander IX,1965-09-09,1984,1986,NA,101,Holmberg,Carl,NA,1,0,1919,1943,SU,0,0,0,0,0,0,2,3,0,1,0,0,4,0,0,0,0,0,0,0,5,0,0,0,0,6,0,0,0,1,0,0,1,0,0
377,249,Högsta domstolen,1,0,0,506,Erlander IX,1968-03-29,1986,1990,NA,101,Höglund,Olle,NA,1,0,1923,1944,UU,0,0,0,0,0,0,0,2,4,1,0,0,3,0,0,0,0,0,0,0,0,0,0,0,0,0,0,0,0,1,0,0,1,0,0
378,259,Högsta domstolen,1,0,0,438,Palme III,1975-10-16,1992,1998,NA,101,Knutsson,Anders,NA,1,0,1931,1956,UU,0,0,0,0,0,0,2,3,4,1,0,0,0,0,0,5,0,0,0,0,0,0,0,0,0,0,0,0,0,1,0,0,1,0,0
379,271,Högsta domstolen,1,0,0,16,Falldin II,1981-04-01,1998,2002,NA,101,Gregow,Torkel,NA,1,0,1935,1958,LU,0,0,0,0,0,2,0,0,0,1,0,0,3,0,0,0,0,0,0,0,0,0,0,0,0,2,0,0,0,1,0,0,1,0,0
380,258,Högsta domstolen,1,0,0,438,Palme III,1975-06-26,1990,1992,NA,101,Nyman,Sven,NA,1,0,1925,1952,LU,0,0,0,0,0,0,0,0,0,1,0,0,4,0,0,0,2,0,0,0,0,0,0,0,0,3,0,0,0,0,0,0,0,0,0
381,220,Högsta domstolen,0,1,0,506,Erlander IX,NA,1966,1969,NA,301,Romanus,Sven,NA,1,0,1906,1929,SU,0,0,0,0,0,2,0,3,0,1,0,0,4,0,0,6,0,0,0,0,0,0,0,0,0,0,5,0,0,1,0,0,0,1,1
382,327,Högsta domstolen,0,0,0,137,Falldin I,1977-02-24,1977,1987,NA,101,Ehrner,Gunnar,NA,0,0,1920,1945,SU,0,0,0,0,0,0,0,0,0,1,0,0,0,0,0,0,0,2,3,0,0,0,0,0,0,0,0,0,0,0,0,0,0,0,0
383,328,Högsta förvaltningsdomstolen,0,0,31-2018,1587,Lofven II,2018-11-01,2018,2025,NA,NA,Anderson,Mats,NA,0,0,1956,1982,SU,0,0,0,0,0,0,0,0,0,1,0,0,0,0,0,0,0,2,3,0,0,0,0,0,0,0,0,0,0,0,0,0,0,0,0
384,329,Högsta förvaltningsdomstolen,0,0,106-2016,854,Reinfeldt II,2013-03-27,2017,2024,NA,NA,Svahn Starrsjö,Kristina,NA,0,1,1961,1985,SU,0,0,0,0,0,2,3,5,0,1,0,0,4,0,0,0,0,0,0,0,0,0,0,0,0,6,0,0,0,1,0,1,1,0,0
385,330,Högsta förvaltningsdomstolen,0,0,101-2013,854,Reinfeldt II,2014-05-15,2014,0,NA,999,Baran,Mahmut,NA,0,0,1959,2001,SU,0,0,0,0,0,0,0,0,0,0,0,0,0,0,0,0,0,1,2,0,0,0,0,0,0,0,0,0,0,0,0,0,1,0,0
386,331,Högsta förvaltningsdomstolen,0,0,20-2012,854,Reinfeldt II,2012-08-30,2013,2025,2025-03-01,41,Bull,Thomas,NA,0,0,1965,1992,NA,0,0,0,1,2,0,0,0,0,0,0,0,0,0,0,0,0,0,0,0,0,0,0,0,0,0,0,0,0,0,0,0,1,1,0
387,332,Högsta förvaltningsdomstolen,0,0,0,854,Reinfeldt II,2010-10-28,2011,2012,NA,302,Jäderblom,Helena,NA,0,1,1958,1987,NA,0,0,2,0,0,3,4,5,0,1,0,5,0,6,0,0,0,0,0,0,0,0,0,0,0,0,0,0,0,1,0,0,1,0,0
388,333,Högsta förvaltningsdomstolen,0,0,0,475,Reinfeldt I,2007-11-22,2008,0,NA,999,Ståhl,Kristina,NA,0,1,1963,1988,SU,0,1,0,2,3,0,0,0,0,0,0,0,0,0,0,0,0,0,0,0,0,0,0,0,0,0,0,0,0,0,0,0,1,0,0
389,334,Högsta förvaltningsdomstolen,0,0,0,641,Persson III,2006-09-07,2006,2012,2012-09-31,312,Jermsten,Henrik,NA,0,0,1961,1991,SU,0,0,0,0,0,2,3,4,0,1,0,0,0,0,0,0,0,0,0,0,0,0,0,0,0,0,0,0,0,1,0,0,1,1,0
390,335,Högsta förvaltningsdomstolen,0,0,0,641,Persson III,2004-10-21,2005,2011,NA,101,Lundin,Anna-Karin,NA,0,1,1946,1970,NA,0,0,0,0,0,2,0,0,0,1,0,0,7,6,0,4,0,0,0,0,0,0,0,0,0,3,8,0,0,1,0,1,1,0,0
391,336,Högsta förvaltningsdomstolen,0,0,0,503,Persson II,2001-10-25,2002,2011,NA,101,Kindlund,Peter,NA,0,0,1944,NA,NA,0,0,0,0,0,0,0,2,3,1,0,0,0,0,0,0,0,0,0,0,0,0,0,0,0,0,0,0,0,0,1,0,1,1,0
392,337,Högsta förvaltningsdomstolen,0,0,0,503,Persson II,2000-12-21,2001,2017,NA,101,Almgren,Karin,NA,0,1,1952,NA,NA,0,0,0,0,0,0,0,2,0,1,0,0,0,3,0,0,0,0,0,0,0,0,0,0,0,0,0,0,0,0,1,0,0,0,0
393,338,Högsta förvaltningsdomstolen,0,0,0,503,Persson II,2000-08-28,2000,2007,NA,NA,Ersson,Stefan,NA,0,0,1945,NA,NA,0,0,0,0,0,2,0,3,0,1,0,0,0,0,0,0,0,0,0,0,0,0,0,0,0,4,0,0,0,0,1,0,1,1,0
394,339,Högsta förvaltningsdomstolen,0,0,0,156,Persson I,1997-12-18,1998,2005,NA,101,Nilsson,Bengt-Åke,NA,0,0,1939,NA,LU,0,0,0,0,0,2,0,3,4,1,0,0,0,0,0,0,0,0,0,0,0,0,0,0,0,0,0,0,0,0,1,1,1,1,0
395,340,Högsta förvaltningsdomstolen,0,0,0,156,Persson I,1996-08-22,1996,2011,NA,101,Eliason,Marianne,NA,0,1,1944,1969,NA,0,0,0,0,0,2,4,5,6,1,0,0,3,0,0,0,0,0,0,0,0,0,0,0,0,0,0,0,0,1,0,1,1,1,0
396,341,Högsta förvaltningsdomstolen,0,0,0,779,Bildt,1994-05-26,1994,2001,NA,101,Rundqvist,Karl-Ingvar,NA,0,0,1934,1959,NA,0,0,0,0,0,3,0,0,5,1,0,0,0,6,0,4,0,0,0,0,0,0,0,0,0,2,0,0,0,0,0,1,0,0,0
397,342,Högsta förvaltningsdomstolen,0,0,0,220,Carlsson II,1988-10-01,1988,2012,NA,101,Billum Stegard,Susanne,NA,0,1,1945,1969,NA,0,0,0,0,0,2,0,0,0,1,0,0,0,0,0,0,0,0,0,0,0,0,0,0,0,3,0,0,0,1,0,0,1,0,0
398,343,Högsta förvaltningsdomstolen,0,0,0,478,Carlsson I,NA,1987,1999,NA,101,Holstad,Sigvard,NA,0,0,1933,1955,SU,0,0,0,0,0,2,0,4,0,1,0,0,5,0,0,0,0,0,0,0,0,0,0,0,0,3,6,0,0,1,0,0,1,0,0
399,344,Högsta förvaltningsdomstolen,0,0,0,647,Palme IV,1985-01-01,1985,1998,NA,101,Sjöberg,Björn,NA,0,0,1933,1957,NA,0,0,0,0,0,2,0,4,6,1,0,0,5,0,0,0,0,0,0,0,0,0,0,0,0,3,0,0,0,0,0,1,1,0,0
400,345,Högsta förvaltningsdomstolen,0,0,0,647,Palme IV,NA,1984,1995,NA,101,Bouvin,Åke,NA,0,0,1928,1953,NA,0,0,0,0,0,0,2,0,5,1,0,0,4,0,0,6,0,0,0,0,0,0,0,0,0,3,0,0,0,0,0,1,1,0,0
401,346,Högsta förvaltningsdomstolen,0,0,0,647,Palme IV,NA,1983,1987,NA,313,Palm,Elisabeth,NA,0,1,1936,1959,UU,0,0,0,0,0,2,0,0,4,1,0,0,0,3,0,0,0,0,0,0,5,0,0,0,0,0,0,0,0,0,0,1,1,0,0
402,347,Högsta förvaltningsdomstolen,0,0,0,16,Falldin II,NA,1980,1998,NA,101,Brink,Stig,NA,0,0,1932,1955,NA,0,0,0,0,0,4,0,0,5,1,0,0,6,0,0,2,0,0,0,0,0,0,0,0,0,3,0,0,0,1,0,1,0,0,0
403,348,Högsta förvaltningsdomstolen,0,0,0,587,Ullsten,1979-06-28,1979,1982,NA,601,Björne,Gunnar,NA,0,0,1933,1958,NA,0,0,0,0,0,2,3,5,0,1,0,0,0,4,0,0,0,0,0,0,0,0,0,0,0,0,0,0,0,0,1,0,1,1,0
404,349,Högsta förvaltningsdomstolen,0,0,0,137,Falldin I,1977-02-17,1977,1993,NA,101,Mueller,Jöran,NA,0,0,1926,1949,NA,0,0,0,0,0,2,4,3,5,1,0,0,6,0,0,0,0,0,0,0,0,0,0,0,0,0,0,0,0,0,0,1,0,0,0
405,350,Högsta förvaltningsdomstolen,0,0,0,137,Falldin I,1976-12-31,1977,1980,NA,333,Wennergren,Bertil,NA,0,0,1925,1949,UU,0,0,0,0,0,2,0,0,0,1,0,0,0,0,0,0,0,0,0,0,0,0,0,0,0,3,4,0,0,1,0,0,0,0,0
406,351,Högsta förvaltningsdomstolen,0,0,0,577,Palme II,1972-06-16,1972,1986,NA,302,Hilding,Ingrid,NA,0,1,1924,1947,SU,0,0,0,0,0,2,4,3,5,1,0,0,6,0,0,0,0,0,0,0,0,0,0,0,0,0,0,0,0,0,0,1,0,0,0
407,352,Högsta förvaltningsdomstolen,0,0,0,577,Palme II,1972-06-16,1972,1978,NA,410,Sjöberg,Magnus,NA,0,0,1927,1953,UU,0,0,0,0,0,3,0,0,4,1,0,0,5,0,0,0,0,0,0,0,0,0,0,0,0,2,0,0,0,1,0,1,0,0,0
408,353,Högsta förvaltningsdomstolen,0,0,0,506,Erlander IX,1967-06-30,1967,1987,NA,101,Nordlund,Stig,NA,0,0,1920,1945,SU,0,0,0,0,0,3,0,4,6,1,0,0,5,0,0,0,0,0,0,0,0,0,0,0,0,2,0,0,0,0,0,1,1,1,0
409,354,Högsta förvaltningsdomstolen,1,0,0,478,Carlsson I,NA,1987,1990,NA,101,Hamdahl,Bengt,NA,1,0,1923,1945,NA,0,0,0,0,0,0,0,2,4,1,0,0,3,0,0,0,0,0,0,0,0,0,0,0,0,0,0,0,0,0,0,1,0,0,0
410,355,Högsta förvaltningsdomstolen,0,0,0,424,Erlander VIII,1963-12-30,1964,1979,NA,302,Wieslander,Bengt,NA,0,0,1920,1944,SU,0,0,0,0,0,0,2,3,5,1,0,0,4,0,0,0,0,0,0,0,0,0,0,0,0,0,0,0,0,1,0,1,0,0,0
411,356,Högsta förvaltningsdomstolen,0,1,0,577,Palme II,NA,1972,1981,NA,101,Hjern,Bengt,NA,1,0,1918,1943,NA,0,0,0,0,0,3,0,4,0,1,0,0,5,0,0,0,0,0,0,0,0,0,0,0,0,2,0,0,0,1,0,1,1,1,0
412,357,Högsta förvaltningsdomstolen,0,0,0,208,Erlander VII,1960-05-13,1960,1976,NA,101,Ringdén,Hans-Fredrik,NA,0,0,1909,1934,SU,0,0,0,0,0,0,0,4,0,1,0,0,3,0,0,0,2,0,0,0,0,0,0,0,0,0,0,0,0,1,0,1,0,0,0
413,358,Högsta förvaltningsdomstolen,0,0,0,208,Erlander VII,1959-04-10,1959,1974,NA,302,Åbjörnsson,Carl,NA,0,0,1913,1937,NA,0,0,0,0,0,0,0,2,4,1,0,0,0,3,0,0,0,0,0,0,0,0,0,0,0,0,0,0,0,0,1,0,1,0,0
414,359,Högsta förvaltningsdomstolen,0,0,0,207,Erlander V,1957-01-10,1957,1972,NA,101,Wilkens,Sten,NA,0,0,1905,1930,NA,0,0,0,0,0,0,0,0,0,0,0,0,0,0,0,0,0,0,0,0,0,0,0,0,0,1,0,0,0,0,0,0,0,0,0
415,360,Högsta förvaltningsdomstolen,0,0,0,207,Erlander V,1956-10-05,1956,1962,NA,101,Rudewall,Folke,NA,0,0,1895,1919,NA,0,0,0,0,0,0,0,0,0,1,4,0,2,0,0,0,3,0,0,0,0,0,0,0,0,0,5,0,0,0,0,0,0,0,0
416,361,Högsta förvaltningsdomstolen,0,0,0,781,Erlander IV,1952-09-25,1952,1961,NA,NA,Klackenberg,Henrik,NA,0,0,1907,1935,NA,0,0,0,0,0,0,1,2,3,0,0,0,0,0,0,0,0,0,0,0,0,0,0,0,0,0,0,0,0,0,1,0,0,0,0
417,362,Högsta förvaltningsdomstolen,0,0,0,445,Erlander II,1951-03-30,1951,1972,NA,101,Jarnerup,Sture,NA,0,0,1905,1930,NA,0,0,0,0,0,0,0,2,0,1,0,0,0,3,0,0,0,0,0,0,0,0,0,0,0,0,0,0,0,0,1,0,0,0,0
418,363,Högsta förvaltningsdomstolen,0,0,0,628,Erlander I,1947-01-10,1947,1967,NA,101,Eckerberg,Enar,NA,0,0,1900,1923,NA,0,0,0,0,0,0,0,4,3,1,0,0,2,0,0,0,0,0,0,0,0,0,0,0,0,0,0,0,0,0,1,1,0,0,0
419,364,Högsta förvaltningsdomstolen,0,0,0,1180,Hansson IV,1943-12-17,1944,1956,NA,101,Kuylenstierna,Carl,W.U.,0,0,1889,1911,NA,0,1,0,2,0,0,0,3,4,0,0,0,0,5,0,0,0,0,0,0,0,0,0,0,0,0,0,0,0,0,1,0,0,0,0
420,365,Högsta förvaltningsdomstolen,0,0,0,1183,Hansson I,1935-05-31,1935,1961,NA,101,Eklund,Gustaf,NA,0,0,1894,1918,SU,0,0,0,0,0,0,0,0,3,1,0,0,2,0,0,0,4,0,0,0,0,0,0,0,0,0,0,0,0,1,0,0,0,0,0
421,366,Högsta förvaltningsdomstolen,0,0,0,1185,Lindman,1928-12-31,1929,1951,NA,101,Aschan,Willand,NA,0,0,1884,1906,NA,0,0,0,0,0,0,1,6,7,3,0,0,5,0,0,0,4,0,0,0,0,0,0,0,0,2,8,0,0,1,0,1,1,0,0
422,367,Högsta förvaltningsdomstolen,0,0,0,1185,Lindman,1928-11-09,1929,1933,NA,102,Waller,Harald,NA,0,0,1883,1908,UU,0,0,0,0,0,0,0,0,0,1,0,0,3,0,0,0,2,0,0,0,0,0,0,0,0,0,0,0,0,0,0,0,1,0,0
423,368,Högsta förvaltningsdomstolen,0,0,0,1187,Sandler,1925-03-15,1925,1928,NA,405,Hasselrot,Bror,NA,0,0,1882,1905,LU,0,0,0,0,0,0,0,0,3,1,0,0,4,0,0,0,2,0,0,0,0,0,0,5,0,0,0,0,0,0,0,0,0,0,0
424,369,Högsta förvaltningsdomstolen,0,0,0,1371,Hammarskjold II,1916-03-03,1916,1917,NA,501,Falk,Herman,NA,0,0,1869,1894,NA,0,0,0,0,0,0,3,4,0,1,6,0,0,0,0,0,5,0,0,0,0,0,0,0,0,2,0,0,0,1,0,0,0,0,0
425,370,Högsta förvaltningsdomstolen,0,0,0,1370,Staaff,NA,1912,1925,NA,101,Wall,August,NA,0,0,1855,1881,NA,0,0,0,0,0,0,0,0,1,0,2,0,0,0,0,0,0,0,0,0,0,0,0,0,0,0,0,0,0,0,0,1,0,0,0
426,371,Högsta förvaltningsdomstolen,0,0,0,9999,NA,NA,1909,1933,NA,101,Ernberg,Jarl,NA,0,0,1863,1889,NA,0,0,0,0,0,0,0,0,3,1,0,0,4,0,0,0,0,0,0,0,0,0,0,0,0,0,2,0,0,0,1,0,0,0,0
427,144,Högsta förvaltningsdomstolen,0,0,0,9999,NA,NA,1909,1912,NA,409,Ramstedt,Johan Olof,NA,0,0,1852,1873,UU,0,0,0,0,0,0,0,0,4,1,0,0,0,0,0,5,3,0,0,0,0,0,0,6,0,2,0,0,0,1,0,0,0,0,0
428,373,Högsta förvaltningsdomstolen,0,0,106-2016,1149,Lofven I,2017-03-23,2017,2022,2022-08-01,201,Rosén Andersson,Helena,NA,0,1,1966,1990,NA,0,0,0,0,0,0,2,0,0,0,0,0,0,0,0,0,0,3,4,0,0,0,0,0,0,1,0,0,0,0,0,0,1,0,0
429,374,Högsta förvaltningsdomstolen,0,0,85-2014,1149,Lofven I,2015-03-26,2015,0,NA,999,Gäverth,Leif,NA,0,0,1958,1984,UU,1,2,0,0,0,0,0,0,0,3,0,5,0,6,0,0,0,0,0,0,0,0,0,0,0,4,0,0,0,0,0,0,0,1,0
430,375,Högsta förvaltningsdomstolen,0,0,101-2013,1149,Lofven I,2015-05-15,2014,0,NA,999,Askersjö,Inga-Lill,NA,0,1,1958,1988,UU,0,0,0,0,0,3,0,0,0,2,0,4,0,5,0,0,0,0,0,0,0,0,0,0,0,1,0,0,0,0,1,0,0,0,0
431,376,Högsta förvaltningsdomstolen,0,0,61-2011,854,Reinfeldt II,2011-11-07,2012,2017,NA,101,Silfverberg,Christer,NA,0,0,1951,1976,SU,0,2,0,3,4,0,0,0,0,1,0,0,0,0,0,0,0,0,0,0,0,0,0,0,0,0,0,0,0,0,0,0,0,0,0
432,377,Högsta förvaltningsdomstolen,0,0,0,475,Reinfeldt I,2010-08-26,2010,2021,2021-10-01,402,Nymansson,Erik,NA,0,0,1960,1988,NA,0,0,0,0,0,2,0,3,4,1,0,0,0,0,0,0,0,0,0,0,0,0,0,0,0,0,0,0,0,0,1,0,1,0,0
433,378,Högsta förvaltningsdomstolen,0,0,0,475,Reinfeldt I,2007-12-13,2008,2014,NA,101,Stenman,Olle,NA,0,0,1948,NA,NA,0,0,0,0,0,2,0,0,0,1,0,0,0,0,0,0,0,0,3,0,0,0,0,0,0,0,0,0,0,0,1,0,0,1,0
434,379,Högsta förvaltningsdomstolen,0,0,0,641,Persson III,2005-08-04,2005,0,NA,999,Knutsson,Margit,NA,0,1,1959,1984,SU,0,0,0,0,0,0,0,0,0,1,0,3,0,0,0,0,0,0,0,2,0,0,0,0,0,0,0,0,0,0,0,0,1,0,0
435,380,Högsta förvaltningsdomstolen,0,0,0,641,Persson III,2004-10-21,2005,2009,NA,325,Fernlund,Carl Gustav,NA,0,0,1950,NA,NA,0,0,0,0,0,3,0,4,5,1,0,0,0,0,0,0,0,0,0,0,0,0,0,0,0,2,0,0,6,0,1,0,0,0,0
436,381,Högsta förvaltningsdomstolen,0,0,0,503,Persson II,2001-04-19,2001,2010,NA,302,Melin,Mats,NA,0,0,1951,NA,NA,0,0,0,0,0,3,0,0,0,1,0,0,4,0,4,0,0,0,0,0,0,0,0,0,0,2,0,0,0,1,0,0,0,1,0
437,382,Högsta förvaltningsdomstolen,0,0,0,503,Persson II,2000-12-21,2001,2014,NA,101,Dexe,Nils,NA,0,0,1948,NA,NA,0,0,0,0,0,0,0,2,3,1,0,0,0,0,0,0,0,0,0,0,0,0,0,0,0,0,0,0,0,0,1,0,0,0,0
438,383,Högsta förvaltningsdomstolen,0,0,0,503,Persson II,1999-01-28,1999,2009,NA,101,Wennerström,Lars,NA,0,0,1942,NA,NA,0,0,0,0,0,0,0,0,0,3,0,0,0,4,0,0,0,1,0,2,0,0,0,0,0,0,0,0,0,0,0,0,0,0,0
439,384,Högsta förvaltningsdomstolen,0,0,0,156,Persson I,1997-02-06,1997,2003,NA,101,Hulgaard,Bodil,NA,0,1,1939,NA,NA,0,0,0,0,0,0,0,0,0,1,0,0,0,3,0,0,2,0,0,0,0,0,0,0,0,4,0,0,0,0,1,0,1,0,0
440,385,Högsta förvaltningsdomstolen,0,0,0,528,Carlsson IV,1995-12-21,1996,2009,NA,101,Nordborg,Kjerstin,NA,0,1,1944,NA,NA,0,0,0,0,0,0,0,0,0,1,0,0,0,4,0,2,0,0,0,0,0,0,3,0,0,0,0,0,0,0,0,0,0,1,0
441,386,Högsta förvaltningsdomstolen,0,0,0,779,Bildt,1992-04-09,1992,1995,NA,312,Ragnemalm,Hans,NA,0,0,1940,1963,NA,1,2,0,3,4,0,0,0,0,0,0,0,0,0,0,0,0,0,0,0,0,0,0,0,0,5,0,0,0,0,0,0,0,0,0
442,387,Högsta förvaltningsdomstolen,0,0,0,478,Carlsson I,1987-12-10,1988,2001,NA,101,Baekkevold,Arne,NA,0,0,1939,1966,SU,0,0,0,0,0,2,0,3,0,1,0,0,0,0,0,0,0,0,0,0,0,0,0,0,0,4,0,0,0,0,1,0,0,0,0
443,388,Högsta förvaltningsdomstolen,0,0,0,732,Carlsson III,1990-10-01,1990,1991,NA,501,Laurén,Reidunn,NA,1,1,1931,1954,NA,0,0,0,0,0,6,0,0,8,3,0,0,0,7,0,9,4,1,0,0,0,0,5,0,0,2,0,0,0,0,0,0,1,0,0
444,389,Högsta förvaltningsdomstolen,0,0,0,647,Palme IV,NA,1984,1999,NA,101,Werner,Bertil,NA,0,0,1933,1957,UU,0,0,0,0,0,3,0,0,4,1,0,0,2,0,0,0,0,0,0,0,0,0,0,0,0,0,0,0,0,1,0,0,0,1,0
445,390,Högsta förvaltningsdomstolen,0,0,0,647,Palme IV,NA,1983,1997,NA,101,Wadell,Ulla,NA,0,1,1930,1956,NA,0,0,0,0,0,0,0,0,0,1,0,0,0,2,0,0,0,0,0,0,0,0,0,0,0,3,0,0,0,0,1,0,0,0,0
446,391,Högsta förvaltningsdomstolen,0,0,0,142,Falldin III,1981-10-01,1981,1998,NA,101,Tottie,Lars,NA,0,0,1931,1956,NA,0,0,0,0,0,2,0,0,0,1,0,0,0,0,0,0,0,0,0,0,0,0,0,0,0,0,0,0,0,1,0,0,1,0,0
447,392,Högsta förvaltningsdomstolen,0,0,0,16,Falldin II,NA,1980,1998,NA,101,Voss,Bertil,NA,0,0,1927,1951,SU,0,0,0,0,0,3,4,5,0,2,0,0,6,0,0,0,0,0,0,0,0,0,0,0,0,1,0,0,0,0,0,0,0,0,0
448,393,Högsta förvaltningsdomstolen,0,0,0,137,Falldin I,1977-12-15,1978,1981,NA,101,Dyrssen,Gösta,NA,0,0,1919,1946,SU,0,0,0,0,0,3,0,0,0,2,0,0,4,0,0,1,0,0,0,0,0,0,0,0,0,0,0,0,0,1,0,0,1,0,0
449,394,Högsta förvaltningsdomstolen,0,0,0,137,Falldin I,1977-12-15,1978,1993,NA,302,Wahlgren,Göran,NA,0,0,1929,1946,SU,0,0,0,0,0,2,0,0,0,1,0,0,3,0,0,0,0,0,0,0,0,0,0,0,0,0,0,0,0,1,0,0,0,1,0
450,395,Högsta förvaltningsdomstolen,0,0,0,577,Palme II,1973-05-14,1973,1984,NA,101,Hultqvist,Gösta,NA,0,0,1917,1941,NA,0,0,0,0,0,2,0,0,0,0,0,0,0,0,0,0,0,0,0,0,0,0,0,0,0,1,0,0,0,0,1,0,0,0,0
451,396,Högsta förvaltningsdomstolen,0,0,0,577,Palme II,1972-06-16,1972,1987,NA,101,Brodén,Sven,NA,0,0,1921,1951,NA,0,0,0,0,0,0,0,2,0,1,0,0,0,3,0,0,0,0,0,0,0,0,0,0,0,0,0,0,0,0,1,0,0,0,0
452,397,Högsta förvaltningsdomstolen,0,0,0,577,Palme II,NA,1971,1983,NA,302,Ericsson,Georg,NA,0,0,1921,1946,NA,0,0,0,0,0,3,0,4,6,1,0,0,5,0,0,0,0,0,0,0,0,0,0,0,0,2,0,0,0,0,0,0,0,0,0
453,398,Högsta förvaltningsdomstolen,0,0,0,506,Erlander IX,1967-06-30,1967,1982,NA,101,Lidbeck,Ingmar,NA,0,0,1916,1940,NA,0,0,0,0,0,0,0,0,3,1,0,0,2,0,0,0,0,0,0,0,0,0,0,0,0,0,0,0,0,0,0,0,0,0,0
454,399,Högsta förvaltningsdomstolen,0,0,0,506,Erlander IX,1967-06-30,1967,1977,NA,101,Lundell,Sture,NA,0,0,1910,NA,NA,0,0,0,0,0,0,0,3,2,0,0,0,0,0,0,0,0,0,0,0,0,0,0,0,0,1,0,0,0,0,1,0,0,0,0
455,400,Högsta förvaltningsdomstolen,0,0,0,424,Erlander VIII,1962-06-06,1962,1984,NA,101,Cars,Gunnar,NA,0,0,1917,NA,NA,0,0,0,0,0,0,0,2,3,0,0,0,0,0,0,0,0,0,0,0,0,0,0,0,0,1,0,0,0,0,1,1,0,0,0
456,401,Högsta förvaltningsdomstolen,0,0,0,424,Erlander VIII,1961-08-16,1961,1976,NA,101,Martenius,Åke,NA,0,0,1909,1934,NA,0,0,0,0,0,3,0,0,0,1,0,0,2,0,0,0,0,0,0,0,0,0,0,0,0,4,0,0,0,0,0,0,0,0,0
457,402,Högsta förvaltningsdomstolen,0,0,0,424,Erlander VIII,1960-09-30,1960,1966,NA,101,Björne,Hilding,NA,0,0,1900,1923,NA,0,0,0,0,0,0,0,3,0,0,0,0,0,2,0,0,0,0,0,0,0,0,0,0,0,1,0,0,0,0,0,0,0,0,0
458,403,Högsta förvaltningsdomstolen,0,0,0,208,Erlander VII,1958-10-03,1958,1960,NA,403,Dillner,Johannes,NA,0,0,1903,1927,SU,0,0,0,0,0,0,1,0,2,0,0,0,0,0,0,0,2,0,0,0,0,0,0,0,0,0,0,0,0,0,0,1,0,0,0
459,404,Högsta förvaltningsdomstolen,0,0,0,781,Erlander IV,1956-01-20,1956,1971,NA,101,Nevrell,Bernt,NA,0,0,1904,1928,SU,0,0,0,0,0,0,1,0,2,0,0,0,0,0,0,0,0,0,0,0,0,0,0,0,0,3,0,0,0,0,1,0,0,1,0
460,405,Högsta förvaltningsdomstolen,0,0,0,781,Erlander IV,1955-05-27,1956,1960,NA,324,Hedborg,Gustaf,NA,0,0,1912,1937,NA,0,0,0,0,0,4,0,5,6,1,0,0,0,3,0,0,2,0,0,0,0,0,0,0,0,0,0,0,0,0,1,0,0,0,0
461,231,Högsta förvaltningsdomstolen,0,0,0,781,Erlander IV,1952-09-25,1952,1958,NA,302,Hedfeldt,Erik,NA,0,0,1908,1931,SU,0,0,0,0,0,3,0,4,5,1,0,0,2,0,0,0,0,0,0,0,0,0,0,0,0,0,0,0,0,0,0,1,0,0,0
462,407,Högsta förvaltningsdomstolen,0,0,0,445,Erlander II,1951-04-01,1951,1962,NA,101,Thelander,Thorsten,NA,0,0,1895,NA,SU,0,0,0,0,0,0,0,0,0,0,0,0,0,0,0,0,0,0,0,0,0,0,0,0,0,1,0,0,0,0,0,0,0,0,0
463,408,Högsta förvaltningsdomstolen,0,0,0,543,Hansson VI,1946-09-20,1946,1963,NA,101,Quensel,Gösta,NA,0,0,1896,1922,SU,0,0,0,0,0,0,0,0,0,1,0,0,4,0,0,0,3,0,0,0,0,0,0,0,0,2,0,0,0,0,0,0,1,0,0
464,409,Högsta förvaltningsdomstolen,0,0,0,1180,Hansson IV,1944-05-05,1944,1951,NA,408,Fransén,Henning,NA,0,0,1890,NA,SU,0,0,0,0,0,0,0,0,0,0,0,0,0,0,0,0,0,0,0,0,0,0,0,0,0,1,0,0,0,0,0,0,0,0,0
465,410,Högsta förvaltningsdomstolen,0,0,0,1183,Hansson I,NA,1935,1956,NA,101,Lundevall,Adolf,NA,0,0,1889,1912,NA,0,0,0,0,0,0,0,0,0,0,0,0,0,0,0,0,0,0,0,0,0,0,0,0,0,1,0,0,0,0,0,0,0,0,0
466,411,Högsta förvaltningsdomstolen,0,0,0,1185,Lindman,1929-09-07,1929,1950,NA,101,Kellberg,Erik,NA,0,0,1883,1907,NA,0,0,0,0,0,0,0,0,2,1,0,0,0,0,0,0,0,0,0,0,0,0,0,0,0,0,0,0,0,1,0,1,0,0,0
467,194,Högsta förvaltningsdomstolen,0,0,0,1185,Lindman,1929-01-01,1929,1931,NA,302,Afzelius,Axel,NA,0,0,1885,1908,NA,0,0,0,0,0,0,0,0,0,1,0,0,2,0,0,0,0,0,0,0,0,0,0,0,0,0,0,0,0,0,0,0,0,0,0
468,413,Högsta förvaltningsdomstolen,0,0,0,1189,Trygger,1923-09-23,1923,1943,NA,101,Söderwall,Knut,NA,0,0,1874,1897,LU,0,0,0,0,0,0,0,0,3,1,0,0,0,0,0,0,2,0,0,0,0,0,0,0,0,0,0,0,0,0,0,1,0,0,0
469,414,Högsta förvaltningsdomstolen,0,0,0,1371,Hammarskjold II,NA,1915,1937,NA,101,Planting-Gyllenbåga,Erik,NA,0,0,1869,1894,UU,0,0,0,0,0,0,0,0,3,1,0,0,2,0,0,0,0,0,0,0,0,0,0,0,0,0,0,0,0,0,0,1,0,0,0
470,415,Högsta förvaltningsdomstolen,0,0,0,9999,NA,NA,1909,1935,NA,101,Thulin,Gabriel,NA,0,0,1865,NA,LU,0,1,0,2,0,0,0,0,0,0,0,0,0,0,0,0,0,0,0,0,0,0,0,0,0,0,0,0,0,0,0,0,0,0,0
471,416,Högsta förvaltningsdomstolen,0,0,0,9999,NA,NA,1909,1933,NA,102,Palmgren,Herman,NA,0,0,1865,1891,UU,0,0,0,0,0,0,0,0,0,0,1,0,0,3,0,0,0,0,0,0,0,0,0,0,0,2,0,0,0,0,0,0,0,0,0
472,417,Högsta förvaltningsdomstolen,0,0,106-2016,1149,Lofven I,2017-03-23,2017,0,NA,999,von Essen,Ulrik,NA,0,0,1964,1990,SU,0,3,4,5,6,0,0,0,0,1,0,2,0,0,0,0,0,0,0,0,0,0,0,0,0,0,0,0,0,0,0,0,1,0,0
473,418,Högsta förvaltningsdomstolen,0,0,85-2014,1149,Lofven I,2015-03-26,2015,2020,2020-03-01,101,Andersson,Mari,NA,0,1,1954,1977,NA,0,0,0,0,0,2,0,0,0,1,0,3,0,4,0,0,0,0,0,0,0,0,0,0,0,0,0,0,0,0,1,1,1,0,0
474,419,Högsta förvaltningsdomstolen,0,0,101-2013,854,Reinfeldt II,2014-05-15,2014,0,NA,999,Classon,Per,NA,0,0,1961,1988,LU,0,0,0,0,0,3,0,4,5,1,0,0,0,0,0,0,0,0,0,2,0,0,0,0,0,0,0,0,0,0,1,0,1,0,0
475,420,Högsta förvaltningsdomstolen,0,0,20-2012,854,Reinfeldt II,2012-08-30,2012,2016,NA,402,Rynning,Elisabeth,NA,0,1,1955,NA,NA,0,0,0,1,2,0,0,0,0,0,0,0,0,0,0,0,0,0,0,0,0,0,0,0,0,0,0,0,0,0,0,0,0,1,0
476,421,Högsta förvaltningsdomstolen,0,0,0,475,Reinfeldt I,NA,2009,2021,NA,101,Saldén Enérus,Anita,NA,0,1,1955,1985,NA,0,0,0,0,0,2,0,3,4,1,0,0,0,0,0,0,0,0,0,0,0,0,0,0,0,0,0,0,0,0,1,0,0,1,0
477,422,Högsta förvaltningsdomstolen,1,0,0,475,Reinfeldt I,2007-08-23,2007,2010,NA,101,Heckscher,Sten,NA,0,0,1942,1968,NA,0,0,0,0,0,0,0,2,3,1,0,0,0,7,0,0,0,0,0,0,4,0,0,5,0,6,0,0,0,1,0,1,0,0,0
478,423,Högsta förvaltningsdomstolen,0,0,0,641,Persson III,2004-12-22,2005,2014,NA,101,Brickman,Annika,NA,0,1,1947,NA,NA,0,0,0,0,0,0,0,3,3,1,0,4,0,0,0,0,0,0,0,0,0,0,0,0,0,2,0,0,0,1,0,0,1,0,0
479,424,Högsta förvaltningsdomstolen,0,0,0,641,Persson III,2004-03-11,2004,2014,NA,NA,Hamberg,Lennart,NA,0,0,0,NA,NA,0,0,0,0,0,1,2,3,0,0,0,0,0,0,0,0,0,0,0,0,0,0,0,0,0,0,0,0,0,0,1,0,1,0,0
480,425,Högsta förvaltningsdomstolen,0,0,0,503,Persson II,2001-06-29,2001,2018,NA,101,Nord,Eskil,NA,0,0,1951,1975,NA,0,0,0,0,0,2,3,0,0,1,0,4,0,0,0,0,0,0,0,0,0,0,0,0,0,0,0,0,0,0,1,0,0,0,0
481,426,Högsta förvaltningsdomstolen,0,0,0,503,Persson II,2001-06-29,2001,2011,NA,101,Stävberg,Carina,NA,0,1,1945,NA,NA,0,0,0,0,0,2,0,3,0,1,4,0,0,0,0,0,0,0,0,0,0,0,0,0,0,0,0,0,0,1,0,0,0,0,0
482,427,Högsta förvaltningsdomstolen,0,0,0,156,Persson I,1998-06-25,1998,2006,NA,102,Schäder,Göran,NA,0,0,1950,1975,SU,0,0,0,0,0,1,3,3,4,2,0,0,0,0,0,0,0,0,0,0,0,0,0,0,0,0,0,0,0,1,0,1,0,1,0
483,428,Högsta förvaltningsdomstolen,0,0,0,156,Persson I,1996-08-22,1996,2015,NA,101,Sandström,Gustaf,NA,0,0,1948,NA,NA,0,0,0,0,0,1,0,3,0,2,0,0,0,0,0,0,0,0,0,0,0,0,0,0,0,4,0,0,0,0,1,0,0,1,0
484,429,Högsta förvaltningsdomstolen,0,0,0,779,Bildt,1994-05-26,1994,1995,NA,402,Lavin,Rune,NA,0,0,1940,1965,LU,1,2,0,2,3,0,0,0,0,0,0,0,0,0,0,4,0,0,0,0,0,0,0,0,0,0,0,0,0,0,0,0,1,0,0
485,430,Högsta förvaltningsdomstolen,0,0,0,220,Carlsson II,1988-10-01,1989,2004,NA,101,Lindstam,Leif,NA,0,0,1937,1962,SU,0,0,0,0,0,3,0,5,6,1,0,0,0,4,0,0,0,0,0,0,0,0,0,0,0,2,0,0,0,0,1,0,0,1,0
486,431,Högsta förvaltningsdomstolen,0,0,0,478,Carlsson I,NA,1987,2001,NA,101,Swartling,Anders,NA,0,0,1935,1962,SU,0,0,0,0,0,3,4,5,0,2,0,0,0,6,0,0,3,1,0,0,0,0,0,0,0,7,0,0,0,0,1,0,0,1,0
487,432,Högsta förvaltningsdomstolen,0,0,0,647,Palme IV,1985-06-27,1985,1999,NA,312,von Bahr,Stig,NA,0,0,1939,1963,NA,0,0,0,0,0,0,0,3,0,1,0,0,0,4,0,0,0,0,0,0,0,0,0,0,0,2,0,0,0,0,1,0,1,0,0
488,433,Högsta förvaltningsdomstolen,0,0,0,647,Palme IV,NA,1984,1996,NA,101,Berglöf,Sigvard,NA,0,0,1929,1957,NA,0,0,0,0,0,3,0,0,0,2,0,0,0,0,0,0,0,0,0,0,0,0,0,0,0,1,0,0,0,0,1,0,1,0,0
489,434,Högsta förvaltningsdomstolen,0,0,0,647,Palme IV,NA,1983,1996,NA,101,Dahlman,Per,NA,0,0,1929,1954,SU,0,0,0,0,0,0,0,0,0,1,3,0,5,0,0,2,0,0,0,0,0,0,0,0,0,4,0,0,0,0,0,0,0,0,0
490,435,Högsta förvaltningsdomstolen,0,0,0,142,Falldin III,1981-09-24,1981,1987,NA,101,Widmark,Sverker,NA,0,0,1921,1947,NA,0,0,0,0,0,2,0,0,0,1,0,0,0,3,0,0,0,0,0,0,0,0,0,0,0,0,0,0,0,0,1,0,1,0,0
491,436,Högsta förvaltningsdomstolen,0,0,0,16,Falldin II,1979-11-29,1980,1981,NA,303,Jonson,Lars,NA,0,0,1929,1955,SU,0,0,0,0,0,3,0,4,5,1,0,0,5,0,0,2,0,0,0,0,0,0,0,0,0,0,0,0,0,0,1,0,0,0,0
492,437,Högsta förvaltningsdomstolen,0,0,0,137,Falldin I,1978-04-06,1978,1987,NA,101,Engblom,Rolf,NA,0,0,1922,1948,SU,0,0,0,0,0,0,0,0,0,1,0,0,0,3,0,0,0,0,0,0,0,0,0,0,0,2,0,0,0,0,1,0,1,0,0
493,438,Högsta förvaltningsdomstolen,0,0,0,438,Palme III,1975-12-11,1976,1988,NA,101,Delin,Lars,NA,0,0,1921,1944,NA,0,0,0,0,0,0,0,0,6,1,0,0,5,0,0,2,3,0,0,0,0,0,0,0,0,4,0,0,7,0,0,1,0,1,0
494,439,Högsta förvaltningsdomstolen,0,0,0,577,Palme II,1972-03-17,1972,1989,NA,101,Hellner,Eskil,NA,0,0,1922,1947,SU,0,0,0,0,0,0,0,3,4,1,0,0,5,0,0,6,0,0,0,0,0,0,0,0,0,2,0,0,0,0,0,1,1,0,0
495,440,Högsta förvaltningsdomstolen,0,0,0,577,Palme II,1971-11-26,1972,1984,NA,101,Petrén,Gustaf,NA,0,0,1917,1942,NA,0,3,0,3,0,0,0,0,0,1,0,0,5,0,0,0,0,0,0,0,0,0,0,0,0,2,6,0,4,0,0,0,0,1,0
496,441,Högsta förvaltningsdomstolen,0,0,0,506,Erlander IX,1968-03-29,1968,1984,NA,101,Reuterswärd,Erik,NA,0,0,1917,1942,NA,0,0,0,0,0,2,0,3,4,2,0,0,0,3,0,0,0,0,0,0,0,0,0,0,0,1,0,0,0,0,1,0,0,1,0
497,442,Högsta förvaltningsdomstolen,0,0,0,506,Erlander IX,1967-06-30,1967,1982,NA,101,Simonsson,Lars,NA,0,0,1916,1940,SU,0,0,0,0,0,0,0,6,0,1,2,0,5,0,0,0,4,0,0,0,0,0,0,0,0,3,0,0,0,1,0,0,1,0,0
498,443,Högsta förvaltningsdomstolen,0,0,0,506,Erlander IX,1965-01-29,1965,1981,NA,101,Paulson,Åke,NA,0,0,1915,1938,NA,0,0,0,0,0,0,0,3,5,1,0,0,2,0,0,0,0,0,0,0,0,0,0,0,0,4,0,0,0,0,0,1,1,0,0
499,444,Högsta förvaltningsdomstolen,0,0,0,424,Erlander VIII,1962-03-16,1962,1980,NA,101,Körlof,Voldmar,NA,0,0,1914,1936,NA,0,0,0,0,0,0,0,0,0,1,0,0,2,0,0,0,0,0,0,0,0,0,0,0,0,0,0,0,0,0,0,1,1,0,0
500,445,Högsta förvaltningsdomstolen,0,0,0,424,Erlander VIII,1961-05-26,1961,1971,NA,403,Walberg,Sten,NA,0,0,1919,1941,LU,0,0,0,0,0,0,0,0,1,0,0,0,0,0,0,0,0,0,0,0,0,0,0,0,0,0,0,0,0,0,1,0,0,0,0
501,446,Högsta förvaltningsdomstolen,0,0,0,208,Erlander VII,1960-05-13,1960,1961,NA,399,Granqvist,Liss,NA,0,0,NA,NA,NA,0,0,0,0,0,0,0,2,3,1,0,0,2,0,0,0,0,0,0,0,0,0,0,0,0,0,0,0,0,0,0,1,0,0,0
502,447,Högsta förvaltningsdomstolen,0,0,0,207,Erlander V,1957-01-10,1957,1971,NA,302,Hegrelius,Olov,NA,0,0,1908,1932,NA,0,0,0,0,0,0,0,0,5,1,3,0,7,0,0,0,4,0,0,0,6,0,0,0,0,2,0,0,0,0,0,1,0,0,0
503,448,Högsta förvaltningsdomstolen,0,0,0,207,Erlander V,1956-10-05,1956,1965,NA,NA,Holmgren,Kurt,NA,0,0,1905,1929,SU,0,0,0,0,0,0,0,3,5,1,0,0,4,0,0,0,0,0,0,0,6,0,0,0,0,0,0,0,2,1,1,0,0,0,0
504,449,Högsta förvaltningsdomstolen,0,0,0,781,Erlander IV,1955-05-20,1955,1956,NA,403,Öhman,Frank,NA,0,0,1913,1935,NA,0,0,0,0,0,2,0,0,3,1,0,0,0,0,0,0,0,0,0,0,0,0,0,0,0,0,0,0,0,0,1,0,0,0,0
505,450,Högsta förvaltningsdomstolen,0,0,0,781,Erlander IV,1952-09-25,1952,1955,NA,204,Strömberg,Sven,NA,0,0,1905,1930,NA,0,0,0,0,0,0,0,2,3,1,0,0,4,0,0,0,0,0,0,0,0,0,0,0,0,0,0,0,0,1,0,1,1,0,0
506,451,Högsta förvaltningsdomstolen,0,0,0,445,Erlander II,1950-10-06,1950,1971,NA,302,Lorichs,Nils,NA,0,0,1905,1929,NA,0,0,0,0,0,0,0,1,1,0,0,0,0,0,0,0,0,0,0,0,2,0,0,0,0,0,0,0,0,0,0,1,0,0,0
507,452,Högsta förvaltningsdomstolen,0,0,0,543,Hansson VI,1946-09-20,1946,1960,NA,102,Björkholm,Sven,NA,0,0,1899,1922,NA,0,0,0,0,0,0,0,0,2,1,0,0,2,0,0,0,0,0,0,0,0,0,0,0,0,0,0,0,0,0,0,1,1,0,0
508,453,Högsta förvaltningsdomstolen,0,0,0,1178,Hansson II,1937-09-11,1937,1959,NA,101,Hjärne,Karl-Gustaf,NA,0,0,1892,1916,SU,0,0,0,0,0,0,0,3,0,1,0,0,2,0,0,0,0,0,0,0,0,0,0,0,0,0,4,0,0,0,1,0,1,0,0
509,454,Högsta förvaltningsdomstolen,0,0,0,1183,Hansson I,1934-02-01,1934,1935,NA,405,Hammarskjöld,Bo,NA,0,0,1891,1915,UU,0,0,0,0,0,0,0,2,0,1,0,0,4,0,0,0,0,0,0,0,3,0,0,0,0,0,0,0,0,0,0,1,0,0,0
510,455,Högsta förvaltningsdomstolen,0,0,0,1185,Lindman,1929-01-01,1929,1944,NA,101,Meurling,Carl,NA,0,0,1876,NA,NA,0,0,0,0,0,1,0,0,0,0,0,0,0,0,0,0,0,0,0,0,0,2,0,4,0,3,0,0,0,0,0,1,0,0,0
511,184,Högsta förvaltningsdomstolen,0,0,0,1185,Lindman,1928-11-09,1929,1929,NA,302,Gärde,Natanael,NA,0,0,1880,1905,UU,0,0,0,0,0,0,0,0,0,1,0,0,2,0,0,3,4,0,0,0,0,0,0,5,0,0,0,0,0,0,0,0,0,0,0
512,457,Högsta förvaltningsdomstolen,0,0,0,1368,Swartz,1917-03-30,1917,1934,NA,503,Linnér,Sigfrid,NA,0,0,1877,1900,UU,0,0,0,0,0,0,0,0,2,1,0,0,3,0,0,0,0,0,0,0,0,0,0,4,0,0,0,0,0,0,0,1,0,0,0
513,153,Högsta förvaltningsdomstolen,0,0,0,1370,Staaff,NA,1912,1915,NA,302,Hederstierna,Carl,NA,0,0,1861,1886,NA,0,0,0,0,0,0,0,0,2,1,0,0,0,0,0,3,0,0,0,0,0,0,0,4,0,5,0,0,0,0,0,1,0,0,0
514,459,Högsta förvaltningsdomstolen,0,0,0,9999,NA,NA,1909,1934,NA,101,Rydin,Axel,NA,0,0,1865,NA,NA,0,0,0,0,0,0,0,0,0,0,0,0,0,0,0,0,0,0,0,0,0,0,0,0,0,1,0,0,0,0,0,0,0,1,0
515,460,Högsta förvaltningsdomstolen,0,0,0,9999,NA,NA,1909,1916,NA,403,Lindstedt,Anders,NA,0,0,1854,NA,NA,0,0,0,0,1,0,0,0,0,0,0,0,0,0,0,0,0,0,0,0,0,0,0,0,0,0,0,0,0,0,0,0,0,0,0
516,332,Högsta förvaltningsdomstolen,1,0,48-2017,1149,Lofven I,2018-02-01,2018,0,NA,999,Jäderblom,Helena,NA,1,1,1958,1983,UU,0,0,2,0,0,3,4,5,0,1,0,5,0,6,0,0,0,0,0,0,0,0,0,0,0,0,0,0,0,1,0,0,1,0,0
517,348,Högsta förvaltningsdomstolen,1,0,0,156,Persson I,1996-08-22,1996,2000,NA,101,Björne,Gunnar,NA,2,0,1933,1958,NA,0,0,0,0,0,2,3,5,0,1,0,0,0,4,0,0,0,0,0,0,0,0,0,0,0,0,0,0,0,0,1,0,1,1,0
518,352,Högsta förvaltningsdomstolen,1,0,0,220,Carlsson II,1989-06-14,1990,1994,NA,101,Sjöberg,Magnus,NA,2,0,1927,1953,UU,0,0,0,0,0,3,0,0,4,1,0,0,5,0,0,0,0,0,0,0,0,0,0,0,0,2,0,0,0,1,0,1,0,0,0
519,354,Högsta förvaltningsdomstolen,0,0,0,506,Erlander IX,1967-06-30,1967,1980,NA,401,Hamdahl,Bengt,NA,0,0,1923,1945,NA,0,0,0,0,0,0,0,2,4,1,0,0,3,0,0,0,0,0,0,0,0,0,0,0,0,0,0,0,0,0,0,1,0,0,0
520,361,Högsta förvaltningsdomstolen,0,0,0,506,Erlander IX,NA,1965,1973,NA,101,Klackenberg,Henrik,NA,1,0,1907,1935,NA,0,0,0,0,0,0,1,2,3,0,0,0,0,0,0,0,0,0,0,0,0,0,0,0,0,0,0,0,0,0,1,0,0,0,0
521,429,Högsta förvaltningsdomstolen,0,0,0,156,Persson I,1998-01-28,1999,2004,NA,302,Lavin,Rune,NA,1,0,1940,1965,LU,1,2,0,2,3,0,0,0,0,0,0,0,0,0,0,4,0,0,0,0,0,0,0,0,0,0,0,0,0,0,0,0,1,0,0
522,448,Högsta förvaltningsdomstolen,0,0,0,506,Erlander IX,1967-06-30,1967,1972,NA,101,Holmgren,Kurt,,1,0,1905,1929,SU,0,0,0,0,0,0,0,3,5,1,0,0,4,0,0,0,0,0,0,0,6,0,0,0,0,0,0,0,2,1,1,0,0,0,0
523,451,Högsta förvaltningsdomstolen,1,0,0,577,Palme II,NA,1972,1972,NA,101,Lorichs,Nils,NA,1,0,1905,1929,NA,0,0,0,0,0,0,0,1,1,0,0,0,0,0,0,0,0,0,0,0,2,0,0,0,0,0,0,0,0,0,0,1,0,0,0
524,447,Högsta förvaltningsdomstolen,1,0,0,577,Palme II,NA,1972,1975,NA,101,Hegrelius,Olov,,1,0,1908,1932,NA,0,0,0,0,0,0,0,0,5,1,3,0,7,0,0,0,4,0,0,0,6,0,0,0,0,2,0,0,0,0,0,1,0,0,0
525,358,Högsta förvaltningsdomstolen,1,0,0,438,Palme III,NA,1975,1980,NA,101,Åbjörnsson,Carl,NA,1,0,1913,1937,NA,0,0,0,0,0,0,0,2,4,1,0,0,0,3,0,0,0,0,0,0,0,0,0,0,0,0,0,0,0,0,1,0,1,0,0
526,355,Högsta förvaltningsdomstolen,1,0,0,16,Falldin II,NA,1980,1987,NA,101,Wieslander,Bengt,NA,1,0,1920,1944,SU,0,0,0,0,0,0,2,3,5,1,0,0,4,0,0,0,0,0,0,0,0,0,0,0,0,0,0,0,0,1,0,1,0,0,0
527,352,Högsta förvaltningsdomstolen,0,1,0,220,Carlsson II,1989-06-14,1989,1990,NA,302,Sjöberg,Magnus,NA,1,0,1927,1953,UU,0,0,0,0,0,3,0,0,4,1,0,0,5,0,0,0,0,0,0,0,0,0,0,0,0,2,0,0,0,1,0,1,0,0,0
528,394,Högsta förvaltningsdomstolen,1,0,0,779,Bildt,1994-05-26,1994,1996,NA,101,Wahlgren,Göran,NA,1,0,1929,1946,SU,0,0,0,0,0,2,0,0,0,1,0,0,3,0,0,0,0,0,0,0,0,0,0,0,0,0,0,0,0,1,0,0,0,1,0
529,348,Högsta förvaltningsdomstolen,0,0,0,647,Palme IV,1984-01-26,1984,1995,NA,302,Björne,Gunnar,NA,1,0,1933,1958,NA,0,0,0,0,0,2,3,5,0,1,0,0,0,4,0,0,0,0,0,0,0,0,0,0,0,0,0,0,0,0,1,0,1,1,0
530,386,Högsta förvaltningsdomstolen,1,0,0,503,Persson II,NA,2000,2005,NA,101,Ragnemalm,Hans,NA,1,0,1940,1963,NA,1,2,0,3,4,0,0,0,0,0,0,0,0,0,0,0,0,0,0,0,0,0,0,0,0,5,0,0,0,0,0,0,0,0,0
531,429,Högsta förvaltningsdomstolen,1,0,0,641,Persson III,NA,2005,2007,NA,101,Lavin,Rune,NA,2,0,1940,1965,LU,1,2,0,2,3,0,0,0,0,0,0,0,0,0,0,4,0,0,0,0,0,0,0,0,0,0,0,0,0,0,0,0,1,0,0
532,381,Högsta förvaltningsdomstolen,1,0,0,854,Reinfeldt II,2011-01-01,2011,2018,NA,101,Melin,Mats,NA,1,0,1951,NA,UU,0,0,0,0,0,3,0,0,0,1,0,0,4,0,4,0,0,0,0,0,0,0,0,0,0,2,0,0,0,1,0,0,0,1,0
533,397,Högsta förvaltningsdomstolen,0,1,0,647,Palme IV,1984-06-07,1984,1984,NA,102,Ericsson,Georg,NA,1,0,1921,1946,NA,0,0,0,0,0,3,0,4,6,1,0,0,5,0,0,0,0,0,0,0,0,0,0,0,0,2,0,0,0,0,0,0,0,0,0
534,351,Högsta förvaltningsdomstolen,0,1,0,478,Carlsson I,NA,1987,1988,NA,101,Hilding,Ingrid,NA,1,1,1924,1947,SU,0,0,0,0,0,2,4,3,5,1,0,0,6,0,0,0,0,0,0,0,0,0,0,0,0,0,0,0,0,0,0,1,0,0,0
535,356,Högsta förvaltningsdomstolen,0,0,0,424,Erlander VIII,1961-03-17,1961,1971,NA,302,Hjern,Bengt,NA,0,0,1918,1943,NA,0,0,0,0,0,3,0,4,0,1,0,0,5,0,0,0,0,0,0,0,0,0,0,0,0,2,0,0,0,1,0,1,1,1,0
536,388,Högsta förvaltningsdomstolen,0,0,0,478,Carlsson I,1987-06-30,1987,1987,NA,304,Laurén,Reidunn,NA,0,1,1931,1954,NA,0,0,0,0,0,6,0,0,8,3,0,0,0,7,0,9,4,1,0,0,0,0,5,0,0,2,0,0,0,0,0,0,1,0,0
323,1,Högsta domstolen,1,0,0,9999,NA,1789-05-15,1789,1809,NA,103,Wachtmeister,Carl Axel,NA,0,0,1754,1771,LU,0,0,0,0,0,0,0,0,0,1,0,0,4,0,0,5,2,0,0,0,0,0,0,0,0,0,3,0,0,0,0,0,0,0,0
538,461,Högsta domstolen,0,0,96-2021,1652,Andersson,2022-02-17,2022,0,NA,999,Lager,Christine,NA,0,1,1962,1987,UU,0,0,0,0,0,0,0,0,4,1,2,0,6,0,0,0,0,0,3,0,0,0,0,0,0,5,0,0,0,1,0,0,0,1,0
539,462,Högsta domstolen,0,0,96-2021,1652,Andersson,2022-02-17,2022,0,NA,999,Malmberg,Jonas,NA,0,0,1962,1988,UU,0,1,2,3,4,0,0,0,0,0,0,0,0,0,0,5,0,0,0,0,0,0,0,0,0,0,0,0,0,0,0,0,0,1,0
540,463,Högsta förvaltningsdomstolen,0,0,21-2019,1590,Lofven III,2019-09-12,2020,0,NA,999,Jönsson,Marie,NA,0,1,1961,1986,LU,0,0,0,0,0,2,0,3,0,1,0,4,0,5,0,0,0,0,0,0,0,0,0,0,0,0,0,0,0,0,1,0,0,1,0
541,464,Högsta förvaltningsdomstolen,0,0,140-2020,1590,Lofven III,2021-05-20,2021,0,NA,999,Haggren,Linda,NA,0,1,1966,1992,SU,0,0,0,0,0,3,0,4,0,1,0,0,0,0,0,0,2,0,0,0,0,0,0,0,0,0,0,0,0,0,1,0,0,1,0
542,465,Högsta förvaltningsdomstolen,0,0,62-2021,1652,Andersson,2021-12-16,2022,0,NA,999,Medin,Magnus,NA,0,0,1967,1992,LU,0,0,0,0,0,2,0,3,4,1,0,0,0,0,0,0,0,0,0,0,0,0,0,0,0,0,0,0,0,1,0,0,0,1,0
543,466,Högsta förvaltningsdomstolen,0,0,20-2022,1652,Andersson,2022-09-01,2022,0,NA,999,Nilsson,Martin,NA,0,0,1970,1994,SU,0,0,0,0,0,0,0,0,0,0,0,0,0,0,0,0,0,1,2,0,0,0,0,0,0,0,0,0,0,0,0,0,0,0,0
544,334,Högsta förvaltningsdomstolen,0,1,19-2012,854,Reinfeldt II,2012-08-30,2012,0,NA,999,Jermsten,Henrik,NA,0,0,1961,1991,SU,0,0,0,0,0,2,3,4,0,1,0,0,0,0,0,0,0,0,0,0,0,0,0,0,0,0,0,0,0,1,0,0,1,1,0
545,467,Högsta domstolen,0,0,85-2022,1680,Kristersson,2022-12-15,2023,0,NA,999,Brattström,Margareta,NA,0,1,1966,1990,UU,0,1,2,3,4,0,0,0,0,0,0,0,0,0,0,0,0,0,0,0,0,0,0,0,0,0,0,0,0,0,0,0,1,0,0
546,468,Högsta domstolen,0,0,85-2022,1680,Kristersson,2022-12-15,2023,0,NA,999,Perklev,Anders,NA,0,0,1960,1986,UU,0,0,0,0,0,2,0,3,4,1,0,0,6,0,0,0,0,0,0,0,0,0,0,0,0,0,0,5,0,1,0,1,1,0,0
547,317,Högsta domstolen,0,1,16-2024,1680,Kristersson,2025-04-01,2025,0,,999,Johansson,Stefan,NA,1,0,1965,1991,LU,0,0,0,0,0,2,3,0,6,1,0,0,5,0,0,0,0,0,0,0,0,0,0,0,0,0,0,4,0,1,0,1,1,0,0
548,469,Högsta domstolen,0,0,17-2024,1680,Kristersson,2025-01-01,2025,0,NA,999,Hollunger Wågnert,Katrin,NA,0,1,1968,1991,LU,0,0,0,0,0,3,4,5,6,1,0,0,0,0,0,0,0,2,0,0,0,0,0,0,0,0,0,0,0,1,0,0,0,1,0
549,470,Högsta förvaltningsdomstolen,0,0,38-2024,1680,Kristersson,2025-02-01,2025,0,NA,999,Westberg,Mikael,NA,0,0,1977,2002,SU,0,0,0,0,0,2,4,0,0,1,0,0,5,0,0,0,0,0,0,0,0,0,0,0,0,3,0,0,0,1,0,1,0,1,0
550,471,Högsta förvaltningsdomstolen,0,0,38-2024,1680,Kristersson,2025-03-31,2025,0,NA,999,Säfsten,Mathias,NA,0,0,1972,1999,UU,0,0,0,0,0,2,3,4,0,1,0,0,0,0,0,0,0,0,0,0,0,0,0,0,0,0,0,0,0,1,0,0,0,1,0
